{
"type": "FeatureCollection",
"name": "commune_headquarters_southwest",
"crs": { "type": "name", "properties": { "name": "urn:ogc:def:crs:OGC:1.3:CRS84" } },
"features": [
{ "type": "Feature", "properties": { "OBJECTID": 1, "Cap": "Đặc khu", "TenTinh": "Tỉnh An Giang", "Ten": "Đặc khu Thổ Châu", "STT": 2105 }, "geometry": { "type": "Point", "coordinates": [ 103.48835219700004, 9.311558555000033 ] } },
{ "type": "Feature", "properties": { "OBJECTID": 2, "Cap": "Đặc khu", "TenTinh": "Tỉnh An Giang", "Ten": "Đặc khu Phú Quốc", "STT": 2103 }, "geometry": { "type": "Point", "coordinates": [ 103.971525383000085, 10.223666475000073 ] } },
{ "type": "Feature", "properties": { "OBJECTID": 3, "Cap": "Đặc khu", "TenTinh": "Tỉnh An Giang", "Ten": "Đặc khu Kiên Hải", "STT": 2106 }, "geometry": { "type": "Point", "coordinates": [ 104.641670658000066, 9.81066996800007 ] } },
{ "type": "Feature", "properties": { "OBJECTID": 4, "Cap": "Xã", "TenTinh": "Tỉnh An Giang", "Ten": "Xã Hòn Nghệ", "STT": 1331 }, "geometry": { "type": "Point", "coordinates": [ 104.555030891000058, 10.028530086000046 ] } },
{ "type": "Feature", "properties": { "OBJECTID": 5, "Cap": "Xã", "TenTinh": "Tỉnh An Giang", "Ten": "Xã Tiên Hải", "STT": 2604 }, "geometry": { "type": "Point", "coordinates": [ 104.332078511000077, 10.31926519700005 ] } },
{ "type": "Feature", "properties": { "OBJECTID": 6, "Cap": "Xã", "TenTinh": "Tỉnh An Giang", "Ten": "Xã Sơn Hải", "STT": 1232 }, "geometry": { "type": "Point", "coordinates": [ 104.529689659000042, 10.183211903000029 ] } },
{ "type": "Feature", "properties": { "OBJECTID": 7, "Cap": "Phường", "TenTinh": "Tỉnh An Giang", "Ten": "Phường Hà Tiên", "STT": 36 }, "geometry": { "type": "Point", "coordinates": [ 104.476840883000079, 10.387771641000029 ] } },
{ "type": "Feature", "properties": { "OBJECTID": 8, "Cap": "Phường", "TenTinh": "Tỉnh An Giang", "Ten": "Phường Tô Châu", "STT": 106 }, "geometry": { "type": "Point", "coordinates": [ 104.501915671000063, 10.360115625000049 ] } },
{ "type": "Feature", "properties": { "OBJECTID": 9, "Cap": "Xã", "TenTinh": "Tỉnh An Giang", "Ten": "Xã Giang Thành", "STT": 1228 }, "geometry": { "type": "Point", "coordinates": [ 104.587132379000082, 10.481179401000077 ] } },
{ "type": "Feature", "properties": { "OBJECTID": 10, "Cap": "Xã", "TenTinh": "Tỉnh An Giang", "Ten": "Xã Vĩnh Điều", "STT": 3259 }, "geometry": { "type": "Point", "coordinates": [ 104.704201861000058, 10.522106130000054 ] } },
{ "type": "Feature", "properties": { "OBJECTID": 11, "Cap": "Xã", "TenTinh": "Tỉnh An Giang", "Ten": "Xã Hòa Điền", "STT": 1229 }, "geometry": { "type": "Point", "coordinates": [ 104.700394723000045, 10.288918952000074 ] } },
{ "type": "Feature", "properties": { "OBJECTID": 12, "Cap": "Xã", "TenTinh": "Tỉnh An Giang", "Ten": "Xã Bình Giang", "STT": 1334 }, "geometry": { "type": "Point", "coordinates": [ 104.776537475000055, 10.284160030000066 ] } },
{ "type": "Feature", "properties": { "OBJECTID": 13, "Cap": "Xã", "TenTinh": "Tỉnh An Giang", "Ten": "Xã Bình Sơn", "STT": 1333 }, "geometry": { "type": "Point", "coordinates": [ 104.812705283000071, 10.260365420000028 ] } },
{ "type": "Feature", "properties": { "OBJECTID": 14, "Cap": "Xã", "TenTinh": "Tỉnh An Giang", "Ten": "Xã Vĩnh Gia", "STT": 2585 }, "geometry": { "type": "Point", "coordinates": [ 104.895819697000036, 10.411789651000049 ] } },
{ "type": "Feature", "properties": { "OBJECTID": 15, "Cap": "Xã", "TenTinh": "Tỉnh An Giang", "Ten": "Xã Ô Lâm", "STT": 2588 }, "geometry": { "type": "Point", "coordinates": [ 104.950708177000081, 10.401625117000037 ] } },
{ "type": "Feature", "properties": { "OBJECTID": 16, "Cap": "Xã", "TenTinh": "Tỉnh An Giang", "Ten": "Xã Ba Chúc", "STT": 1726 }, "geometry": { "type": "Point", "coordinates": [ 104.903951324000047, 10.502253997000025 ] } },
{ "type": "Feature", "properties": { "OBJECTID": 17, "Cap": "Xã", "TenTinh": "Tỉnh An Giang", "Ten": "Xã Núi Cấm", "STT": 1725 }, "geometry": { "type": "Point", "coordinates": [ 105.019827003000046, 10.485990744000048 ] } },
{ "type": "Feature", "properties": { "OBJECTID": 18, "Cap": "Phường", "TenTinh": "Tỉnh An Giang", "Ten": "Phường Chi Lăng", "STT": 423 }, "geometry": { "type": "Point", "coordinates": [ 105.029991537000058, 10.515467890000025 ] } },
{ "type": "Feature", "properties": { "OBJECTID": 19, "Cap": "Xã", "TenTinh": "Tỉnh An Giang", "Ten": "Xã Tri Tôn", "STT": 2586 }, "geometry": { "type": "Point", "coordinates": [ 104.998481483000035, 10.425003544000049 ] } },
{ "type": "Feature", "properties": { "OBJECTID": 20, "Cap": "Xã", "TenTinh": "Tỉnh An Giang", "Ten": "Xã Cô Tô", "STT": 2587 }, "geometry": { "type": "Point", "coordinates": [ 105.01169537700008, 10.367065704000026 ] } },
{ "type": "Feature", "properties": { "OBJECTID": 21, "Cap": "Phường", "TenTinh": "Tỉnh An Giang", "Ten": "Phường Tịnh Biên", "STT": 503 }, "geometry": { "type": "Point", "coordinates": [ 104.941560097000036, 10.60084997000007 ] } },
{ "type": "Feature", "properties": { "OBJECTID": 22, "Cap": "Phường", "TenTinh": "Tỉnh An Giang", "Ten": "Phường Thới Sơn", "STT": 502 }, "geometry": { "type": "Point", "coordinates": [ 105.004580203000046, 10.63134357000007 ] } },
{ "type": "Feature", "properties": { "OBJECTID": 23, "Cap": "Xã", "TenTinh": "Tỉnh An Giang", "Ten": "Xã An Cư", "STT": 507 }, "geometry": { "type": "Point", "coordinates": [ 104.963922070000081, 10.549010850000059 ] } },
{ "type": "Feature", "properties": { "OBJECTID": 24, "Cap": "Xã", "TenTinh": "Tỉnh An Giang", "Ten": "Xã Thạnh Mỹ Tây", "STT": 204 }, "geometry": { "type": "Point", "coordinates": [ 105.142817856000079, 10.550027303000036 ] } },
{ "type": "Feature", "properties": { "OBJECTID": 25, "Cap": "Phường", "TenTinh": "Tỉnh An Giang", "Ten": "Phường Vĩnh Tế", "STT": 1878 }, "geometry": { "type": "Point", "coordinates": [ 105.077764843000068, 10.686232050000058 ] } },
{ "type": "Feature", "properties": { "OBJECTID": 26, "Cap": "Xã", "TenTinh": "Tỉnh An Giang", "Ten": "Xã Vĩnh An", "STT": 2084 }, "geometry": { "type": "Point", "coordinates": [ 105.169245643000068, 10.447365517000037 ] } },
{ "type": "Feature", "properties": { "OBJECTID": 27, "Cap": "Xã", "TenTinh": "Tỉnh An Giang", "Ten": "Xã Vĩnh Hanh", "STT": 2590 }, "geometry": { "type": "Point", "coordinates": [ 105.216002496000044, 10.382312504000026 ] } },
{ "type": "Feature", "properties": { "OBJECTID": 28, "Cap": "Xã", "TenTinh": "Tỉnh An Giang", "Ten": "Xã Tây Phú", "STT": 2704 }, "geometry": { "type": "Point", "coordinates": [ 105.143834309000056, 10.336572104000027 ] } },
{ "type": "Feature", "properties": { "OBJECTID": 29, "Cap": "Xã", "TenTinh": "Tỉnh An Giang", "Ten": "Xã Óc Eo", "STT": 1563 }, "geometry": { "type": "Point", "coordinates": [ 105.149933029000067, 10.248140665000051 ] } },
{ "type": "Feature", "properties": { "OBJECTID": 30, "Cap": "Xã", "TenTinh": "Tỉnh An Giang", "Ten": "Xã Thoại Sơn", "STT": 3001 }, "geometry": { "type": "Point", "coordinates": [ 105.264792256000078, 10.273551998000073 ] } },
{ "type": "Feature", "properties": { "OBJECTID": 31, "Cap": "Xã", "TenTinh": "Tỉnh An Giang", "Ten": "Xã Định Mỹ", "STT": 2708 }, "geometry": { "type": "Point", "coordinates": [ 105.296302309000055, 10.311160771000061 ] } },
{ "type": "Feature", "properties": { "OBJECTID": 32, "Cap": "Xã", "TenTinh": "Tỉnh An Giang", "Ten": "Xã Cần Đăng", "STT": 2589 }, "geometry": { "type": "Point", "coordinates": [ 105.288170682000043, 10.463628770000071 ] } },
{ "type": "Feature", "properties": { "OBJECTID": 33, "Cap": "Xã", "TenTinh": "Tỉnh An Giang", "Ten": "Xã Châu Phú", "STT": 1434 }, "geometry": { "type": "Point", "coordinates": [ 105.189574709000055, 10.483957837000048 ] } },
{ "type": "Feature", "properties": { "OBJECTID": 34, "Cap": "Xã", "TenTinh": "Tỉnh An Giang", "Ten": "Xã Bình Mỹ", "STT": 1433 }, "geometry": { "type": "Point", "coordinates": [ 105.288170682000043, 10.550027303000036 ] } },
{ "type": "Feature", "properties": { "OBJECTID": 35, "Cap": "Xã", "TenTinh": "Tỉnh An Giang", "Ten": "Xã Mỹ Đức", "STT": 1405 }, "geometry": { "type": "Point", "coordinates": [ 105.177377269000033, 10.666919436000057 ] } },
{ "type": "Feature", "properties": { "OBJECTID": 36, "Cap": "Phường", "TenTinh": "Tỉnh An Giang", "Ten": "Phường Châu Đốc", "STT": 1877 }, "geometry": { "type": "Point", "coordinates": [ 105.11639007000008, 10.700462396000034 ] } },
{ "type": "Feature", "properties": { "OBJECTID": 37, "Cap": "Xã", "TenTinh": "Tỉnh An Giang", "Ten": "Xã Vĩnh Thạnh Trung", "STT": 191 }, "geometry": { "type": "Point", "coordinates": [ 105.203805056000078, 10.620162583000024 ] } },
{ "type": "Feature", "properties": { "OBJECTID": 38, "Cap": "Xã", "TenTinh": "Tỉnh An Giang", "Ten": "Xã Phú An", "STT": 1895 }, "geometry": { "type": "Point", "coordinates": [ 105.329845269000089, 10.681149783000023 ] } },
{ "type": "Feature", "properties": { "OBJECTID": 39, "Cap": "Xã", "TenTinh": "Tỉnh An Giang", "Ten": "Xã Phú Tân", "STT": 1735 }, "geometry": { "type": "Point", "coordinates": [ 105.354240149000077, 10.584586717000036 ] } },
{ "type": "Feature", "properties": { "OBJECTID": 40, "Cap": "Xã", "TenTinh": "Tỉnh An Giang", "Ten": "Xã Chợ Mới", "STT": 1871 }, "geometry": { "type": "Point", "coordinates": [ 105.393881829000065, 10.551043757000059 ] } },
{ "type": "Feature", "properties": { "OBJECTID": 41, "Cap": "Xã", "TenTinh": "Tỉnh An Giang", "Ten": "Xã Long Điền", "STT": 1872 }, "geometry": { "type": "Point", "coordinates": [ 105.458934842000076, 10.536813410000036 ] } },
{ "type": "Feature", "properties": { "OBJECTID": 42, "Cap": "Xã", "TenTinh": "Tỉnh An Giang", "Ten": "Xã Bình Hòa", "STT": 2083 }, "geometry": { "type": "Point", "coordinates": [ 105.335943989000043, 10.470743944000048 ] } },
{ "type": "Feature", "properties": { "OBJECTID": 43, "Cap": "Xã", "TenTinh": "Tỉnh An Giang", "Ten": "Xã Nhơn Mỹ", "STT": 1874 }, "geometry": { "type": "Point", "coordinates": [ 105.372536309000054, 10.47684266400006 ] } },
{ "type": "Feature", "properties": { "OBJECTID": 44, "Cap": "Xã", "TenTinh": "Tỉnh An Giang", "Ten": "Xã An Châu", "STT": 2934 }, "geometry": { "type": "Point", "coordinates": [ 105.386766655000088, 10.44634906400006 ] } },
{ "type": "Feature", "properties": { "OBJECTID": 45, "Cap": "Xã", "TenTinh": "Tỉnh An Giang", "Ten": "Xã Vĩnh Trạch", "STT": 2706 }, "geometry": { "type": "Point", "coordinates": [ 105.344075615000065, 10.338605011000027 ] } },
{ "type": "Feature", "properties": { "OBJECTID": 46, "Cap": "Phường", "TenTinh": "Tỉnh An Giang", "Ten": "Phường Mỹ Thới", "STT": 2387 }, "geometry": { "type": "Point", "coordinates": [ 105.455240539000044, 10.350968888000068 ] } },
{ "type": "Feature", "properties": { "OBJECTID": 47, "Cap": "Xã", "TenTinh": "Tỉnh An Giang", "Ten": "Xã Hội An", "STT": 2863 }, "geometry": { "type": "Point", "coordinates": [ 105.545342291000054, 10.434769818000063 ] } },
{ "type": "Feature", "properties": { "OBJECTID": 48, "Cap": "Xã", "TenTinh": "Tỉnh An Giang", "Ten": "Xã Cù Lao Giêng", "STT": 1873 }, "geometry": { "type": "Point", "coordinates": [ 105.501866620000044, 10.508489433000022 ] } },
{ "type": "Feature", "properties": { "OBJECTID": 49, "Cap": "Xã", "TenTinh": "Tỉnh An Giang", "Ten": "Xã Long Kiến", "STT": 1875 }, "geometry": { "type": "Point", "coordinates": [ 105.455870621000088, 10.462493434000066 ] } },
{ "type": "Feature", "properties": { "OBJECTID": 50, "Cap": "Xã", "TenTinh": "Tỉnh An Giang", "Ten": "Xã Mỹ Hòa Hưng", "STT": 1876 }, "geometry": { "type": "Point", "coordinates": [ 105.428777087000071, 10.41712751700004 ] } },
{ "type": "Feature", "properties": { "OBJECTID": 51, "Cap": "Phường", "TenTinh": "Tỉnh An Giang", "Ten": "Phường Long Xuyên", "STT": 2385 }, "geometry": { "type": "Point", "coordinates": [ 105.416175444000032, 10.372391682000057 ] } },
{ "type": "Feature", "properties": { "OBJECTID": 52, "Cap": "Xã", "TenTinh": "Tỉnh An Giang", "Ten": "Xã Phú Hòa", "STT": 2707 }, "geometry": { "type": "Point", "coordinates": [ 105.374590020000085, 10.355379463000077 ] } },
{ "type": "Feature", "properties": { "OBJECTID": 53, "Cap": "Xã", "TenTinh": "Tỉnh An Giang", "Ten": "Xã Chợ Vàm", "STT": 1893 }, "geometry": { "type": "Point", "coordinates": [ 105.339279840000074, 10.714027280000039 ] } },
{ "type": "Feature", "properties": { "OBJECTID": 54, "Cap": "Xã", "TenTinh": "Tỉnh An Giang", "Ten": "Xã Phú Lâm", "STT": 1892 }, "geometry": { "type": "Point", "coordinates": [ 105.268881191000048, 10.736113131000025 ] } },
{ "type": "Feature", "properties": { "OBJECTID": 55, "Cap": "Xã", "TenTinh": "Tỉnh An Giang", "Ten": "Xã Châu Phong", "STT": 1263 }, "geometry": { "type": "Point", "coordinates": [ 105.16466358200006, 10.738873862000048 ] } },
{ "type": "Feature", "properties": { "OBJECTID": 56, "Cap": "Xã", "TenTinh": "Tỉnh An Giang", "Ten": "Xã Vĩnh Hậu", "STT": 934 }, "geometry": { "type": "Point", "coordinates": [ 105.126703525000039, 10.745775691000063 ] } },
{ "type": "Feature", "properties": { "OBJECTID": 57, "Cap": "Xã", "TenTinh": "Tỉnh An Giang", "Ten": "Xã An Phú", "STT": 2981 }, "geometry": { "type": "Point", "coordinates": [ 105.088743469000065, 10.815484158000061 ] } },
{ "type": "Feature", "properties": { "OBJECTID": 58, "Cap": "Xã", "TenTinh": "Tỉnh An Giang", "Ten": "Xã Phú Hữu", "STT": 2980 }, "geometry": { "type": "Point", "coordinates": [ 105.099096212000063, 10.881051527000068 ] } },
{ "type": "Feature", "properties": { "OBJECTID": 59, "Cap": "Xã", "TenTinh": "Tỉnh An Giang", "Ten": "Xã Vĩnh Xương", "STT": 2194 }, "geometry": { "type": "Point", "coordinates": [ 105.179847604000088, 10.867247871000075 ] } },
{ "type": "Feature", "properties": { "OBJECTID": 60, "Cap": "Xã", "TenTinh": "Tỉnh An Giang", "Ten": "Xã Tân An", "STT": 1261 }, "geometry": { "type": "Point", "coordinates": [ 105.201243272000056, 10.808582329000046 ] } },
{ "type": "Feature", "properties": { "OBJECTID": 61, "Cap": "Phường", "TenTinh": "Tỉnh An Giang", "Ten": "Phường Long Phú", "STT": 1262 }, "geometry": { "type": "Point", "coordinates": [ 105.226089854000065, 10.796159038000042 ] } },
{ "type": "Feature", "properties": { "OBJECTID": 62, "Cap": "Phường", "TenTinh": "Tỉnh An Giang", "Ten": "Phường Tân Châu", "STT": 1264 }, "geometry": { "type": "Point", "coordinates": [ 105.239893511000048, 10.792708124000058 ] } },
{ "type": "Feature", "properties": { "OBJECTID": 63, "Cap": "Xã", "TenTinh": "Tỉnh An Giang", "Ten": "Xã Khánh Bình", "STT": 1879 }, "geometry": { "type": "Point", "coordinates": [ 105.07454023300005, 10.931071621000058 ] } },
{ "type": "Feature", "properties": { "OBJECTID": 64, "Cap": "Xã", "TenTinh": "Tỉnh An Giang", "Ten": "Xã Nhơn Hội", "STT": 2979 }, "geometry": { "type": "Point", "coordinates": [ 105.07759156700007, 10.915560670000048 ] } },
{ "type": "Feature", "properties": { "OBJECTID": 65, "Cap": "Phường", "TenTinh": "Tỉnh An Giang", "Ten": "Phường Bình Đức", "STT": 2386 }, "geometry": { "type": "Point", "coordinates": [ 105.395490949000077, 10.398559259000024 ] } },
{ "type": "Feature", "properties": { "OBJECTID": 66, "Cap": "Xã", "TenTinh": "Tỉnh An Giang", "Ten": "Xã Hòn Đất", "STT": 1332 }, "geometry": { "type": "Point", "coordinates": [ 104.920788478000077, 10.187976960000071 ] } },
{ "type": "Feature", "properties": { "OBJECTID": 67, "Cap": "Xã", "TenTinh": "Tỉnh An Giang", "Ten": "Xã Sơn Kiên", "STT": 1335 }, "geometry": { "type": "Point", "coordinates": [ 104.988603117000082, 10.145146662000059 ] } },
{ "type": "Feature", "properties": { "OBJECTID": 68, "Cap": "Xã", "TenTinh": "Tỉnh An Giang", "Ten": "Xã Mỹ Thuận", "STT": 1336 }, "geometry": { "type": "Point", "coordinates": [ 105.040951259000053, 10.154664506000074 ] } },
{ "type": "Feature", "properties": { "OBJECTID": 69, "Cap": "Xã", "TenTinh": "Tỉnh An Giang", "Ten": "Xã Tân Hội", "STT": 2605 }, "geometry": { "type": "Point", "coordinates": [ 105.184908650000068, 10.162992620000068 ] } },
{ "type": "Feature", "properties": { "OBJECTID": 70, "Cap": "Phường", "TenTinh": "Tỉnh An Giang", "Ten": "Phường Vĩnh Thông", "STT": 99 }, "geometry": { "type": "Point", "coordinates": [ 105.113524819000077, 10.066386503000047 ] } },
{ "type": "Feature", "properties": { "OBJECTID": 71, "Cap": "Xã", "TenTinh": "Tỉnh An Giang", "Ten": "Xã Tân Hiệp", "STT": 3005 }, "geometry": { "type": "Point", "coordinates": [ 105.278897359000041, 10.116355184000042 ] } },
{ "type": "Feature", "properties": { "OBJECTID": 72, "Cap": "Xã", "TenTinh": "Tỉnh An Giang", "Ten": "Xã Thạnh Đông", "STT": 3006 }, "geometry": { "type": "Point", "coordinates": [ 105.238446522000061, 10.075904347000062 ] } },
{ "type": "Feature", "properties": { "OBJECTID": 73, "Cap": "Xã", "TenTinh": "Tỉnh An Giang", "Ten": "Xã Thạnh Lộc", "STT": 1983 }, "geometry": { "type": "Point", "coordinates": [ 105.167062692000059, 9.999761595000052 ] } },
{ "type": "Feature", "properties": { "OBJECTID": 74, "Cap": "Phường", "TenTinh": "Tỉnh An Giang", "Ten": "Phường Rạch Giá", "STT": 85 }, "geometry": { "type": "Point", "coordinates": [ 105.107576167000047, 9.967638871000077 ] } },
{ "type": "Feature", "properties": { "OBJECTID": 75, "Cap": "Xã", "TenTinh": "Tỉnh An Giang", "Ten": "Xã Thạnh Hưng", "STT": 2566 }, "geometry": { "type": "Point", "coordinates": [ 105.340763346000074, 9.942892477000044 ] } },
{ "type": "Feature", "properties": { "OBJECTID": 76, "Cap": "Xã", "TenTinh": "Tỉnh An Giang", "Ten": "Xã Giồng Riềng", "STT": 1984 }, "geometry": { "type": "Point", "coordinates": [ 105.309830352000063, 9.90601083100006 ] } },
{ "type": "Feature", "properties": { "OBJECTID": 77, "Cap": "Xã", "TenTinh": "Tỉnh An Giang", "Ten": "Xã Ngọc Chúc", "STT": 2923 }, "geometry": { "type": "Point", "coordinates": [ 105.357419573000072, 9.886975143000029 ] } },
{ "type": "Feature", "properties": { "OBJECTID": 78, "Cap": "Xã", "TenTinh": "Tỉnh An Giang", "Ten": "Xã Hòa Hưng", "STT": 2924 }, "geometry": { "type": "Point", "coordinates": [ 105.477582353000059, 9.889354604000061 ] } },
{ "type": "Feature", "properties": { "OBJECTID": 79, "Cap": "Xã", "TenTinh": "Tỉnh An Giang", "Ten": "Xã Hòa Thuận", "STT": 1050 }, "geometry": { "type": "Point", "coordinates": [ 105.40143960100005, 9.837006462000033 ] } },
{ "type": "Feature", "properties": { "OBJECTID": 80, "Cap": "Xã", "TenTinh": "Tỉnh An Giang", "Ten": "Xã Vĩnh Hòa Hưng", "STT": 1051 }, "geometry": { "type": "Point", "coordinates": [ 105.376455261000046, 9.792986433000067 ] } },
{ "type": "Feature", "properties": { "OBJECTID": 81, "Cap": "Xã", "TenTinh": "Tỉnh An Giang", "Ten": "Xã Định Hòa", "STT": 2834 }, "geometry": { "type": "Point", "coordinates": [ 105.264620593000075, 9.792986433000067 ] } },
{ "type": "Feature", "properties": { "OBJECTID": 82, "Cap": "Xã", "TenTinh": "Tỉnh An Giang", "Ten": "Xã Long Thạnh", "STT": 1985 }, "geometry": { "type": "Point", "coordinates": [ 105.238446522000061, 9.848903767000024 ] } },
{ "type": "Feature", "properties": { "OBJECTID": 83, "Cap": "Xã", "TenTinh": "Tỉnh An Giang", "Ten": "Xã Châu Thành", "STT": 1982 }, "geometry": { "type": "Point", "coordinates": [ 105.157544848000043, 9.904821101000039 ] } },
{ "type": "Feature", "properties": { "OBJECTID": 84, "Cap": "Xã", "TenTinh": "Tỉnh An Giang", "Ten": "Xã Bình An", "STT": 1230 }, "geometry": { "type": "Point", "coordinates": [ 105.125422124000067, 9.871508647000041 ] } },
{ "type": "Feature", "properties": { "OBJECTID": 85, "Cap": "Xã", "TenTinh": "Tỉnh An Giang", "Ten": "Xã Tây Yên", "STT": 2388 }, "geometry": { "type": "Point", "coordinates": [ 105.043330720000085, 9.896492987000045 ] } },
{ "type": "Feature", "properties": { "OBJECTID": 86, "Cap": "Xã", "TenTinh": "Tỉnh An Giang", "Ten": "Xã An Biên", "STT": 2389 }, "geometry": { "type": "Point", "coordinates": [ 105.057607486000052, 9.813211852000052 ] } },
{ "type": "Feature", "properties": { "OBJECTID": 87, "Cap": "Xã", "TenTinh": "Tỉnh An Giang", "Ten": "Xã Đông Thái", "STT": 2390 }, "geometry": { "type": "Point", "coordinates": [ 105.008828535000077, 9.762053440000045 ] } },
{ "type": "Feature", "properties": { "OBJECTID": 88, "Cap": "Xã", "TenTinh": "Tỉnh An Giang", "Ten": "Xã Vĩnh Hòa", "STT": 2217 }, "geometry": { "type": "Point", "coordinates": [ 105.164683231000083, 9.715653951000036 ] } },
{ "type": "Feature", "properties": { "OBJECTID": 89, "Cap": "Xã", "TenTinh": "Tỉnh An Giang", "Ten": "Xã Gò Quao", "STT": 1047 }, "geometry": { "type": "Point", "coordinates": [ 105.274138437000033, 9.735879369000031 ] } },
{ "type": "Feature", "properties": { "OBJECTID": 90, "Cap": "Xã", "TenTinh": "Tỉnh An Giang", "Ten": "Xã Vĩnh Tuy", "STT": 3008 }, "geometry": { "type": "Point", "coordinates": [ 105.33243523200008, 9.671633922000069 ] } },
{ "type": "Feature", "properties": { "OBJECTID": 91, "Cap": "Xã", "TenTinh": "Tỉnh An Giang", "Ten": "Xã Vĩnh Bình", "STT": 2219 }, "geometry": { "type": "Point", "coordinates": [ 105.22654921700007, 9.640700929000047 ] } },
{ "type": "Feature", "properties": { "OBJECTID": 92, "Cap": "Xã", "TenTinh": "Tỉnh An Giang", "Ten": "Xã U Minh Thượng", "STT": 2100 }, "geometry": { "type": "Point", "coordinates": [ 105.12066320200006, 9.658546887000057 ] } },
{ "type": "Feature", "properties": { "OBJECTID": 93, "Cap": "Xã", "TenTinh": "Tỉnh An Giang", "Ten": "Xã Đông Hòa", "STT": 2391 }, "geometry": { "type": "Point", "coordinates": [ 104.983844195000074, 9.74182802200005 ] } },
{ "type": "Feature", "properties": { "OBJECTID": 94, "Cap": "Xã", "TenTinh": "Tỉnh An Giang", "Ten": "Xã Tân Thạnh", "STT": 1504 }, "geometry": { "type": "Point", "coordinates": [ 104.900563059000035, 9.727551256000027 ] } },
{ "type": "Feature", "properties": { "OBJECTID": 95, "Cap": "Xã", "TenTinh": "Tỉnh An Giang", "Ten": "Xã Đông Hưng", "STT": 1506 }, "geometry": { "type": "Point", "coordinates": [ 104.88033764100004, 9.678772305000052 ] } },
{ "type": "Feature", "properties": { "OBJECTID": 96, "Cap": "Xã", "TenTinh": "Tỉnh An Giang", "Ten": "Xã Vân Khánh", "STT": 1507 }, "geometry": { "type": "Point", "coordinates": [ 104.867250605000038, 9.576455482000028 ] } },
{ "type": "Feature", "properties": { "OBJECTID": 97, "Cap": "Xã", "TenTinh": "Tỉnh An Giang", "Ten": "Xã An Minh", "STT": 1505 }, "geometry": { "type": "Point", "coordinates": [ 104.943393358000037, 9.61809604900003 ] } },
{ "type": "Feature", "properties": { "OBJECTID": 98, "Cap": "Xã", "TenTinh": "Tỉnh An Giang", "Ten": "Xã Vĩnh Thuận", "STT": 2101 }, "geometry": { "type": "Point", "coordinates": [ 105.220600565000041, 9.483775476000062 ] } },
{ "type": "Feature", "properties": { "OBJECTID": 99, "Cap": "Xã", "TenTinh": "Tỉnh An Giang", "Ten": "Xã Vĩnh Phong", "STT": 2102 }, "geometry": { "type": "Point", "coordinates": [ 105.25629248000007, 9.513518738000073 ] } },
{ "type": "Feature", "properties": { "OBJECTID": 100, "Cap": "Xã", "TenTinh": "Tỉnh An Giang", "Ten": "Xã Kiên Lương", "STT": 1231 }, "geometry": { "type": "Point", "coordinates": [ 104.615711312000087, 10.161071309000022 ] } },
{ "type": "Feature", "properties": { "OBJECTID": 101, "Cap": "Xã", "TenTinh": "Tỉnh An Giang", "Ten": "Xã Hòa Lạc", "STT": 1894 }, "geometry": { "type": "Point", "coordinates": [ 105.190747722000083, 10.715235254000049 ] } },
{ "type": "Feature", "properties": { "OBJECTID": 102, "Cap": "Xã", "TenTinh": "Tỉnh An Giang", "Ten": "Xã Bình Thạnh Đông", "STT": 1736 }, "geometry": { "type": "Point", "coordinates": [ 105.216674802000057, 10.624033019000024 ] } },
{ "type": "Feature", "properties": { "OBJECTID": 103, "Cap": "Xã", "TenTinh": "Tỉnh Cà Mau", "Ten": "Xã U Minh", "STT": 2035 }, "geometry": { "type": "Point", "coordinates": [ 104.883723373000066, 9.41782988600005 ] } },
{ "type": "Feature", "properties": { "OBJECTID": 104, "Cap": "Xã", "TenTinh": "Tỉnh Cà Mau", "Ten": "Xã Nguyễn Phích", "STT": 2036 }, "geometry": { "type": "Point", "coordinates": [ 104.974170722000054, 9.405654282000057 ] } },
{ "type": "Feature", "properties": { "OBJECTID": 105, "Cap": "Xã", "TenTinh": "Tỉnh Cà Mau", "Ten": "Xã Biển Bạch", "STT": 2038 }, "geometry": { "type": "Point", "coordinates": [ 105.044615291000071, 9.461314189000063 ] } },
{ "type": "Feature", "properties": { "OBJECTID": 106, "Cap": "Xã", "TenTinh": "Tỉnh Cà Mau", "Ten": "Xã Trí Phải", "STT": 2039 }, "geometry": { "type": "Point", "coordinates": [ 105.148977616000082, 9.406523968000045 ] } },
{ "type": "Feature", "properties": { "OBJECTID": 107, "Cap": "Xã", "TenTinh": "Tỉnh Cà Mau", "Ten": "Xã Thới Bình", "STT": 2040 }, "geometry": { "type": "Point", "coordinates": [ 105.088969279000082, 9.348255003000077 ] } },
{ "type": "Feature", "properties": { "OBJECTID": 108, "Cap": "Xã", "TenTinh": "Tỉnh Cà Mau", "Ten": "Xã Khánh Lâm", "STT": 2037 }, "geometry": { "type": "Point", "coordinates": [ 104.833281583000087, 9.343906573000027 ] } },
{ "type": "Feature", "properties": { "OBJECTID": 109, "Cap": "Xã", "TenTinh": "Tỉnh Cà Mau", "Ten": "Xã Khánh An", "STT": 2032 }, "geometry": { "type": "Point", "coordinates": [ 105.03157, 9.237804876000041 ] } },
{ "type": "Feature", "properties": { "OBJECTID": 110, "Cap": "Xã", "TenTinh": "Tỉnh Cà Mau", "Ten": "Xã Hồ Thị Kỷ", "STT": 3076 }, "geometry": { "type": "Point", "coordinates": [ 105.122887035000076, 9.267374202000042 ] } },
{ "type": "Feature", "properties": { "OBJECTID": 111, "Cap": "Xã", "TenTinh": "Tỉnh Cà Mau", "Ten": "Xã Tân Lộc", "STT": 3075 }, "geometry": { "type": "Point", "coordinates": [ 105.199419406000061, 9.313467562000028 ] } },
{ "type": "Feature", "properties": { "OBJECTID": 112, "Cap": "Xã", "TenTinh": "Tỉnh Cà Mau", "Ten": "Xã Phong Hiệp", "STT": 1866 }, "geometry": { "type": "Point", "coordinates": [ 105.355093207000039, 9.337818771000059 ] } },
{ "type": "Feature", "properties": { "OBJECTID": 113, "Cap": "Xã", "TenTinh": "Tỉnh Cà Mau", "Ten": "Xã Vĩnh Phước", "STT": 682 }, "geometry": { "type": "Point", "coordinates": [ 105.390750335000064, 9.373475898000038 ] } },
{ "type": "Feature", "properties": { "OBJECTID": 114, "Cap": "Xã", "TenTinh": "Tỉnh Cà Mau", "Ten": "Xã Ninh Thạnh Lợi", "STT": 680 }, "geometry": { "type": "Point", "coordinates": [ 105.351614463000033, 9.493492572000036 ] } },
{ "type": "Feature", "properties": { "OBJECTID": 115, "Cap": "Xã", "TenTinh": "Tỉnh Cà Mau", "Ten": "Xã Vĩnh Lộc", "STT": 679 }, "geometry": { "type": "Point", "coordinates": [ 105.359441637000089, 9.585679292000066 ] } },
{ "type": "Feature", "properties": { "OBJECTID": 116, "Cap": "Xã", "TenTinh": "Tỉnh Cà Mau", "Ten": "Xã Hồng Dân", "STT": 1490 }, "geometry": { "type": "Point", "coordinates": [ 105.448149614000044, 9.565676513000028 ] } },
{ "type": "Feature", "properties": { "OBJECTID": 117, "Cap": "Xã", "TenTinh": "Tỉnh Cà Mau", "Ten": "Xã Ninh Quới", "STT": 1489 }, "geometry": { "type": "Point", "coordinates": [ 105.529900101000067, 9.569155257000034 ] } },
{ "type": "Feature", "properties": { "OBJECTID": 118, "Cap": "Xã", "TenTinh": "Tỉnh Cà Mau", "Ten": "Xã Phước Long", "STT": 681 }, "geometry": { "type": "Point", "coordinates": [ 105.45945553200005, 9.436093293000056 ] } },
{ "type": "Feature", "properties": { "OBJECTID": 119, "Cap": "Xã", "TenTinh": "Tỉnh Cà Mau", "Ten": "Xã Vĩnh Thanh", "STT": 332 }, "geometry": { "type": "Point", "coordinates": [ 105.515985125000043, 9.363909352000064 ] } },
{ "type": "Feature", "properties": { "OBJECTID": 120, "Cap": "Xã", "TenTinh": "Tỉnh Cà Mau", "Ten": "Xã Châu Thới", "STT": 3064 }, "geometry": { "type": "Point", "coordinates": [ 105.603823415000079, 9.383042445000058 ] } },
{ "type": "Feature", "properties": { "OBJECTID": 121, "Cap": "Xã", "TenTinh": "Tỉnh Cà Mau", "Ten": "Xã Vĩnh Mỹ", "STT": 3066 }, "geometry": { "type": "Point", "coordinates": [ 105.551642252000079, 9.318685678000065 ] } },
{ "type": "Feature", "properties": { "OBJECTID": 122, "Cap": "Xã", "TenTinh": "Tỉnh Cà Mau", "Ten": "Xã Hòa Bình", "STT": 3065 }, "geometry": { "type": "Point", "coordinates": [ 105.626435252000078, 9.281289178000065 ] } },
{ "type": "Feature", "properties": { "OBJECTID": 123, "Cap": "Xã", "TenTinh": "Tỉnh Cà Mau", "Ten": "Xã Vĩnh Lợi", "STT": 1884 }, "geometry": { "type": "Point", "coordinates": [ 105.718621972000051, 9.343906573000027 ] } },
{ "type": "Feature", "properties": { "OBJECTID": 124, "Cap": "Xã", "TenTinh": "Tỉnh Cà Mau", "Ten": "Xã Hưng Hội", "STT": 3063 }, "geometry": { "type": "Point", "coordinates": [ 105.81080869200008, 9.364779038000052 ] } },
{ "type": "Feature", "properties": { "OBJECTID": 125, "Cap": "Phường", "TenTinh": "Tỉnh Cà Mau", "Ten": "Phường Vĩnh Trạch", "STT": 3260 }, "geometry": { "type": "Point", "coordinates": [ 105.777760623000063, 9.303901015000065 ] } },
{ "type": "Feature", "properties": { "OBJECTID": 126, "Cap": "Phường", "TenTinh": "Tỉnh Cà Mau", "Ten": "Phường Bạc Liêu", "STT": 508 }, "geometry": { "type": "Point", "coordinates": [ 105.730797577000033, 9.295204155000022 ] } },
{ "type": "Feature", "properties": { "OBJECTID": 127, "Cap": "Phường", "TenTinh": "Tỉnh Cà Mau", "Ten": "Phường Láng Tròn", "STT": 2395 }, "geometry": { "type": "Point", "coordinates": [ 105.516854811000087, 9.257807655000022 ] } },
{ "type": "Feature", "properties": { "OBJECTID": 128, "Cap": "Phường", "TenTinh": "Tỉnh Cà Mau", "Ten": "Phường Hiệp Thành", "STT": 1488 }, "geometry": { "type": "Point", "coordinates": [ 105.756018472000051, 9.237022159000048 ] } },
{ "type": "Feature", "properties": { "OBJECTID": 129, "Cap": "Xã", "TenTinh": "Tỉnh Cà Mau", "Ten": "Xã Vĩnh Hậu", "STT": 1518 }, "geometry": { "type": "Point", "coordinates": [ 105.658613635000052, 9.208322519000035 ] } },
{ "type": "Feature", "properties": { "OBJECTID": 130, "Cap": "Xã", "TenTinh": "Tỉnh Cà Mau", "Ten": "Xã Đông Hải", "STT": 3067 }, "geometry": { "type": "Point", "coordinates": [ 105.529900101000067, 9.152662613000075 ] } },
{ "type": "Feature", "properties": { "OBJECTID": 131, "Cap": "Xã", "TenTinh": "Tỉnh Cà Mau", "Ten": "Xã Long Điền", "STT": 3068 }, "geometry": { "type": "Point", "coordinates": [ 105.486415799000042, 9.210931578000043 ] } },
{ "type": "Feature", "properties": { "OBJECTID": 132, "Cap": "Phường", "TenTinh": "Tỉnh Cà Mau", "Ten": "Phường Giá Rai", "STT": 2394 }, "geometry": { "type": "Point", "coordinates": [ 105.457716160000075, 9.235282787000074 ] } },
{ "type": "Feature", "properties": { "OBJECTID": 133, "Cap": "Xã", "TenTinh": "Tỉnh Cà Mau", "Ten": "Xã Phong Thạnh", "STT": 2620 }, "geometry": { "type": "Point", "coordinates": [ 105.328132940000046, 9.199625659000048 ] } },
{ "type": "Feature", "properties": { "OBJECTID": 134, "Cap": "Xã", "TenTinh": "Tỉnh Cà Mau", "Ten": "Xã An Trạch", "STT": 3070 }, "geometry": { "type": "Point", "coordinates": [ 105.376835358000051, 9.175274450000074 ] } },
{ "type": "Feature", "properties": { "OBJECTID": 135, "Cap": "Xã", "TenTinh": "Tỉnh Cà Mau", "Ten": "Xã Định Thành", "STT": 3071 }, "geometry": { "type": "Point", "coordinates": [ 105.285518324000066, 9.13179014800005 ] } },
{ "type": "Feature", "properties": { "OBJECTID": 136, "Cap": "Phường", "TenTinh": "Tỉnh Cà Mau", "Ten": "Phường Hòa Thành", "STT": 3073 }, "geometry": { "type": "Point", "coordinates": [ 105.201158778000035, 9.13179014800005 ] } },
{ "type": "Feature", "properties": { "OBJECTID": 137, "Cap": "Phường", "TenTinh": "Tỉnh Cà Mau", "Ten": "Phường Tân Thành", "STT": 641 }, "geometry": { "type": "Point", "coordinates": [ 105.209855639000068, 9.185710682000035 ] } },
{ "type": "Feature", "properties": { "OBJECTID": 138, "Cap": "Xã", "TenTinh": "Tỉnh Cà Mau", "Ten": "Xã Khánh Bình", "STT": 3078 }, "geometry": { "type": "Point", "coordinates": [ 105.068096814000057, 9.155271671000037 ] } },
{ "type": "Feature", "properties": { "OBJECTID": 139, "Cap": "Xã", "TenTinh": "Tỉnh Cà Mau", "Ten": "Xã Lương Thế Trân", "STT": 2657 }, "geometry": { "type": "Point", "coordinates": [ 105.061139326000045, 9.077869613000075 ] } },
{ "type": "Feature", "properties": { "OBJECTID": 140, "Cap": "Xã", "TenTinh": "Tỉnh Cà Mau", "Ten": "Xã Tân Hưng", "STT": 2659 }, "geometry": { "type": "Point", "coordinates": [ 105.079402732000062, 9.034385311000051 ] } },
{ "type": "Feature", "properties": { "OBJECTID": 141, "Cap": "Xã", "TenTinh": "Tỉnh Cà Mau", "Ten": "Xã Đầm Dơi", "STT": 3080 }, "geometry": { "type": "Point", "coordinates": [ 105.198549720000074, 8.992640381000058 ] } },
{ "type": "Feature", "properties": { "OBJECTID": 142, "Cap": "Xã", "TenTinh": "Tỉnh Cà Mau", "Ten": "Xã Trần Phán", "STT": 2663 }, "geometry": { "type": "Point", "coordinates": [ 105.114190174000043, 8.963940742000034 ] } },
{ "type": "Feature", "properties": { "OBJECTID": 143, "Cap": "Xã", "TenTinh": "Tỉnh Cà Mau", "Ten": "Xã Hưng Mỹ", "STT": 2660 }, "geometry": { "type": "Point", "coordinates": [ 105.014176279000083, 9.030906567000045 ] } },
{ "type": "Feature", "properties": { "OBJECTID": 144, "Cap": "Xã", "TenTinh": "Tỉnh Cà Mau", "Ten": "Xã Trần Văn Thời", "STT": 2658 }, "geometry": { "type": "Point", "coordinates": [ 104.965473861000078, 9.075260555000057 ] } },
{ "type": "Feature", "properties": { "OBJECTID": 145, "Cap": "Xã", "TenTinh": "Tỉnh Cà Mau", "Ten": "Xã Khánh Hưng", "STT": 3079 }, "geometry": { "type": "Point", "coordinates": [ 104.856763106000074, 9.093523962000063 ] } },
{ "type": "Feature", "properties": { "OBJECTID": 146, "Cap": "Xã", "TenTinh": "Tỉnh Cà Mau", "Ten": "Xã Sông Đốc", "STT": 3261 }, "geometry": { "type": "Point", "coordinates": [ 104.831542211000055, 9.043951858000071 ] } },
{ "type": "Feature", "properties": { "OBJECTID": 147, "Cap": "Xã", "TenTinh": "Tỉnh Cà Mau", "Ten": "Xã Cái Nước", "STT": 2661 }, "geometry": { "type": "Point", "coordinates": [ 105.019394396000052, 8.936980475000041 ] } },
{ "type": "Feature", "properties": { "OBJECTID": 148, "Cap": "Xã", "TenTinh": "Tỉnh Cà Mau", "Ten": "Xã Đá Bạc", "STT": 3077 }, "geometry": { "type": "Point", "coordinates": [ 104.846326874000056, 9.181362252000042 ] } },
{ "type": "Feature", "properties": { "OBJECTID": 149, "Cap": "Xã", "TenTinh": "Tỉnh Cà Mau", "Ten": "Xã Gành Hào", "STT": 3069 }, "geometry": { "type": "Point", "coordinates": [ 105.420602830000064, 9.027067425000041 ] } },
{ "type": "Feature", "properties": { "OBJECTID": 150, "Cap": "Xã", "TenTinh": "Tỉnh Cà Mau", "Ten": "Xã Tân Thuận", "STT": 428 }, "geometry": { "type": "Point", "coordinates": [ 105.413589682000065, 9.029405141000041 ] } },
{ "type": "Feature", "properties": { "OBJECTID": 151, "Cap": "Xã", "TenTinh": "Tỉnh Cà Mau", "Ten": "Xã Tạ An Khương", "STT": 2662 }, "geometry": { "type": "Point", "coordinates": [ 105.184023180000054, 9.025713498000073 ] } },
{ "type": "Feature", "properties": { "OBJECTID": 152, "Cap": "Xã", "TenTinh": "Tỉnh Cà Mau", "Ten": "Xã Cái Đôi Vàm", "STT": 3089 }, "geometry": { "type": "Point", "coordinates": [ 104.811588598000071, 8.858580482000036 ] } },
{ "type": "Feature", "properties": { "OBJECTID": 153, "Cap": "Xã", "TenTinh": "Tỉnh Cà Mau", "Ten": "Xã Nguyễn Việt Khái", "STT": 3088 }, "geometry": { "type": "Point", "coordinates": [ 104.911683664000066, 8.864740178000034 ] } },
{ "type": "Feature", "properties": { "OBJECTID": 154, "Cap": "Xã", "TenTinh": "Tỉnh Cà Mau", "Ten": "Xã Đất Mới", "STT": 3262 }, "geometry": { "type": "Point", "coordinates": [ 104.897824347000039, 8.734616593000055 ] } },
{ "type": "Feature", "properties": { "OBJECTID": 155, "Cap": "Xã", "TenTinh": "Tỉnh Cà Mau", "Ten": "Xã Đất Mũi", "STT": 3092 }, "geometry": { "type": "Point", "coordinates": [ 104.757691256000044, 8.599873236000064 ] } },
{ "type": "Feature", "properties": { "OBJECTID": 156, "Cap": "Xã", "TenTinh": "Tỉnh Cà Mau", "Ten": "Xã Phan Ngọc Hiển", "STT": 3091 }, "geometry": { "type": "Point", "coordinates": [ 105.020248311000046, 8.619892249000031 ] } },
{ "type": "Feature", "properties": { "OBJECTID": 157, "Cap": "Xã", "TenTinh": "Tỉnh Cà Mau", "Ten": "Xã Tam Giang", "STT": 3085 }, "geometry": { "type": "Point", "coordinates": [ 105.194259733000081, 8.798523442000032 ] } },
{ "type": "Feature", "properties": { "OBJECTID": 158, "Cap": "Xã", "TenTinh": "Tỉnh Cà Mau", "Ten": "Xã Tân Ân", "STT": 3090 }, "geometry": { "type": "Point", "coordinates": [ 105.000999260000071, 8.683029136000073 ] } },
{ "type": "Feature", "properties": { "OBJECTID": 159, "Cap": "Xã", "TenTinh": "Tỉnh Cà Mau", "Ten": "Xã Quách Phẩm", "STT": 3082 }, "geometry": { "type": "Point", "coordinates": [ 105.057206489000066, 8.872439798000073 ] } },
{ "type": "Feature", "properties": { "OBJECTID": 160, "Cap": "Xã", "TenTinh": "Tỉnh Cà Mau", "Ten": "Xã Thanh Tùng", "STT": 3083 }, "geometry": { "type": "Point", "coordinates": [ 105.173470758000065, 8.876289609000025 ] } },
{ "type": "Feature", "properties": { "OBJECTID": 161, "Cap": "Xã", "TenTinh": "Tỉnh Cà Mau", "Ten": "Xã Phú Tân", "STT": 3087 }, "geometry": { "type": "Point", "coordinates": [ 104.867795827000066, 8.916327635000073 ] } },
{ "type": "Feature", "properties": { "OBJECTID": 162, "Cap": "Xã", "TenTinh": "Tỉnh Cà Mau", "Ten": "Xã Phú Mỹ", "STT": 3086 }, "geometry": { "type": "Point", "coordinates": [ 104.939932866000049, 8.916606802000047 ] } },
{ "type": "Feature", "properties": { "OBJECTID": 163, "Cap": "Xã", "TenTinh": "Tỉnh Cà Mau", "Ten": "Xã Năm Căn", "STT": 3084 }, "geometry": { "type": "Point", "coordinates": [ 104.996055733000048, 8.759517212000048 ] } },
{ "type": "Feature", "properties": { "OBJECTID": 164, "Cap": "Xã", "TenTinh": "Tỉnh Cà Mau", "Ten": "Xã Tân Tiến", "STT": 3081 }, "geometry": { "type": "Point", "coordinates": [ 105.253429228000073, 8.829268815000034 ] } },
{ "type": "Feature", "properties": { "OBJECTID": 165, "Cap": "Phường", "TenTinh": "Tỉnh Cà Mau", "Ten": "Phường An Xuyên", "STT": 3074 }, "geometry": { "type": "Point", "coordinates": [ 105.146482443000082, 9.181197539000038 ] } },
{ "type": "Feature", "properties": { "OBJECTID": 166, "Cap": "Phường", "TenTinh": "Tỉnh Cà Mau", "Ten": "Phường Lý Văn Lâm", "STT": 3072 }, "geometry": { "type": "Point", "coordinates": [ 105.143217126000081, 9.174350908000065 ] } },
{ "type": "Feature", "properties": { "OBJECTID": 167, "Cap": "Xã", "TenTinh": "Thành phố Cần Thơ", "Ten": "Xã Thạnh An", "STT": 2785 }, "geometry": { "type": "Point", "coordinates": [ 105.32539762600004, 10.154209023000021 ] } },
{ "type": "Feature", "properties": { "OBJECTID": 168, "Cap": "Xã", "TenTinh": "Thành phố Cần Thơ", "Ten": "Xã Thạnh Quới", "STT": 2618 }, "geometry": { "type": "Point", "coordinates": [ 105.378560323000045, 10.211038113000029 ] } },
{ "type": "Feature", "properties": { "OBJECTID": 169, "Cap": "Xã", "TenTinh": "Thành phố Cần Thơ", "Ten": "Xã Vĩnh Thạnh", "STT": 2786 }, "geometry": { "type": "Point", "coordinates": [ 105.402391877000071, 10.222953890000042 ] } },
{ "type": "Feature", "properties": { "OBJECTID": 170, "Cap": "Xã", "TenTinh": "Thành phố Cần Thơ", "Ten": "Xã Vĩnh Trinh", "STT": 2787 }, "geometry": { "type": "Point", "coordinates": [ 105.447305190000066, 10.27703318600004 ] } },
{ "type": "Feature", "properties": { "OBJECTID": 171, "Cap": "Phường", "TenTinh": "Thành phố Cần Thơ", "Ten": "Phường Thốt Nốt", "STT": 3015 }, "geometry": { "type": "Point", "coordinates": [ 105.525216040000032, 10.27703318600004 ] } },
{ "type": "Feature", "properties": { "OBJECTID": 172, "Cap": "Phường", "TenTinh": "Thành phố Cần Thơ", "Ten": "Phường Tân Lộc", "STT": 118 }, "geometry": { "type": "Point", "coordinates": [ 105.582961728000043, 10.247702042000071 ] } },
{ "type": "Feature", "properties": { "OBJECTID": 173, "Cap": "Phường", "TenTinh": "Thành phố Cần Thơ", "Ten": "Phường Thuận Hưng", "STT": 2784 }, "geometry": { "type": "Point", "coordinates": [ 105.549964192000061, 10.232119873000045 ] } },
{ "type": "Feature", "properties": { "OBJECTID": 174, "Cap": "Xã", "TenTinh": "Thành phố Cần Thơ", "Ten": "Xã Trung Hưng", "STT": 2736 }, "geometry": { "type": "Point", "coordinates": [ 105.479386128000044, 10.18170697000005 ] } },
{ "type": "Feature", "properties": { "OBJECTID": 175, "Cap": "Xã", "TenTinh": "Thành phố Cần Thơ", "Ten": "Xã Thạnh Phú", "STT": 2681 }, "geometry": { "type": "Point", "coordinates": [ 105.448221789000058, 10.126711076000049 ] } },
{ "type": "Feature", "properties": { "OBJECTID": 176, "Cap": "Phường", "TenTinh": "Thành phố Cần Thơ", "Ten": "Phường Thới Long", "STT": 3012 }, "geometry": { "type": "Point", "coordinates": [ 105.588461317000053, 10.171624390000034 ] } },
{ "type": "Feature", "properties": { "OBJECTID": 177, "Cap": "Xã", "TenTinh": "Thành phố Cần Thơ", "Ten": "Xã Thới Hưng", "STT": 3026 }, "geometry": { "type": "Point", "coordinates": [ 105.527049236000039, 10.123961282000039 ] } },
{ "type": "Feature", "properties": { "OBJECTID": 178, "Cap": "Xã", "TenTinh": "Thành phố Cần Thơ", "Ten": "Xã Cờ Đỏ", "STT": 2738 }, "geometry": { "type": "Point", "coordinates": [ 105.429889824000043, 10.093713540000067 ] } },
{ "type": "Feature", "properties": { "OBJECTID": 179, "Cap": "Xã", "TenTinh": "Thành phố Cần Thơ", "Ten": "Xã Đông Hiệp", "STT": 3027 }, "geometry": { "type": "Point", "coordinates": [ 105.50321768200007, 10.078131370000051 ] } },
{ "type": "Feature", "properties": { "OBJECTID": 180, "Cap": "Xã", "TenTinh": "Thành phố Cần Thơ", "Ten": "Xã Đông Thuận", "STT": 3031 }, "geometry": { "type": "Point", "coordinates": [ 105.478469530000041, 10.016719289000036 ] } },
{ "type": "Feature", "properties": { "OBJECTID": 181, "Cap": "Xã", "TenTinh": "Thành phố Cần Thơ", "Ten": "Xã Thới Lai", "STT": 2737 }, "geometry": { "type": "Point", "coordinates": [ 105.565546362000077, 10.064382397000031 ] } },
{ "type": "Feature", "properties": { "OBJECTID": 182, "Cap": "Xã", "TenTinh": "Thành phố Cần Thơ", "Ten": "Xã Trường Thành", "STT": 3017 }, "geometry": { "type": "Point", "coordinates": [ 105.612292871000079, 10.056133013000021 ] } },
{ "type": "Feature", "properties": { "OBJECTID": 183, "Cap": "Phường", "TenTinh": "Thành phố Cần Thơ", "Ten": "Phường Ô Môn", "STT": 3011 }, "geometry": { "type": "Point", "coordinates": [ 105.622375452000085, 10.117545094000036 ] } },
{ "type": "Feature", "properties": { "OBJECTID": 184, "Cap": "Phường", "TenTinh": "Thành phố Cần Thơ", "Ten": "Phường Trung Nhứt", "STT": 119 }, "geometry": { "type": "Point", "coordinates": [ 105.533513666000033, 10.224352909000061 ] } },
{ "type": "Feature", "properties": { "OBJECTID": 185, "Cap": "Xã", "TenTinh": "Thành phố Cần Thơ", "Ten": "Xã Trường Xuân", "STT": 3018 }, "geometry": { "type": "Point", "coordinates": [ 105.535484666000059, 10.009490072000062 ] } },
{ "type": "Feature", "properties": { "OBJECTID": 186, "Cap": "Phường", "TenTinh": "Thành phố Cần Thơ", "Ten": "Phường Phước Thới", "STT": 3013 }, "geometry": { "type": "Point", "coordinates": [ 105.690387577000081, 10.101575213000046 ] } },
{ "type": "Feature", "properties": { "OBJECTID": 187, "Cap": "Phường", "TenTinh": "Thành phố Cần Thơ", "Ten": "Phường Thới An Đông", "STT": 2962 }, "geometry": { "type": "Point", "coordinates": [ 105.68610454800006, 10.079446226000073 ] } },
{ "type": "Feature", "properties": { "OBJECTID": 188, "Cap": "Phường", "TenTinh": "Thành phố Cần Thơ", "Ten": "Phường Bình Thủy", "STT": 3014 }, "geometry": { "type": "Point", "coordinates": [ 105.748922318000041, 10.068024813000022 ] } },
{ "type": "Feature", "properties": { "OBJECTID": 189, "Cap": "Phường", "TenTinh": "Thành phố Cần Thơ", "Ten": "Phường Long Tuyền", "STT": 2963 }, "geometry": { "type": "Point", "coordinates": [ 105.719654948000084, 10.026622191000058 ] } },
{ "type": "Feature", "properties": { "OBJECTID": 190, "Cap": "Xã", "TenTinh": "Thành phố Cần Thơ", "Ten": "Xã Phong Điền", "STT": 3019 }, "geometry": { "type": "Point", "coordinates": [ 105.687532224000051, 10.028049868000039 ] } },
{ "type": "Feature", "properties": { "OBJECTID": 191, "Cap": "Xã", "TenTinh": "Thành phố Cần Thơ", "Ten": "Xã Trường Long", "STT": 3021 }, "geometry": { "type": "Point", "coordinates": [ 105.632566675000078, 9.983791893000046 ] } },
{ "type": "Feature", "properties": { "OBJECTID": 192, "Cap": "Xã", "TenTinh": "Thành phố Cần Thơ", "Ten": "Xã Trường Long Tây", "STT": 3030 }, "geometry": { "type": "Point", "coordinates": [ 105.570462743000064, 9.930967859000077 ] } },
{ "type": "Feature", "properties": { "OBJECTID": 193, "Cap": "Xã", "TenTinh": "Thành phố Cần Thơ", "Ten": "Xã Tân Hòa", "STT": 3029 }, "geometry": { "type": "Point", "coordinates": [ 105.628283645000067, 9.921687961000032 ] } },
{ "type": "Feature", "properties": { "OBJECTID": 194, "Cap": "Xã", "TenTinh": "Thành phố Cần Thơ", "Ten": "Xã Thạnh Xuân", "STT": 3025 }, "geometry": { "type": "Point", "coordinates": [ 105.692529092000086, 9.92026028500004 ] } },
{ "type": "Feature", "properties": { "OBJECTID": 195, "Cap": "Phường", "TenTinh": "Thành phố Cần Thơ", "Ten": "Phường Cái Răng", "STT": 1502 }, "geometry": { "type": "Point", "coordinates": [ 105.752491510000084, 9.99949633600005 ] } },
{ "type": "Feature", "properties": { "OBJECTID": 196, "Cap": "Phường", "TenTinh": "Thành phố Cần Thơ", "Ten": "Phường Hưng Phú", "STT": 2783 }, "geometry": { "type": "Point", "coordinates": [ 105.803174029000047, 10.005920881000065 ] } },
{ "type": "Feature", "properties": { "OBJECTID": 197, "Cap": "Phường", "TenTinh": "Thành phố Cần Thơ", "Ten": "Phường Cái Khế", "STT": 3009 }, "geometry": { "type": "Point", "coordinates": [ 105.77110209500006, 10.049320301000023 ] } },
{ "type": "Feature", "properties": { "OBJECTID": 198, "Cap": "Phường", "TenTinh": "Thành phố Cần Thơ", "Ten": "Phường Tân An", "STT": 3007 }, "geometry": { "type": "Point", "coordinates": [ 105.765513841000086, 10.017886369000053 ] } },
{ "type": "Feature", "properties": { "OBJECTID": 199, "Cap": "Phường", "TenTinh": "Thành phố Cần Thơ", "Ten": "Phường An Bình", "STT": 3010 }, "geometry": { "type": "Point", "coordinates": [ 105.751892470000087, 10.011599583000077 ] } },
{ "type": "Feature", "properties": { "OBJECTID": 200, "Cap": "Xã", "TenTinh": "Thành phố Cần Thơ", "Ten": "Xã Nhơn Ái", "STT": 3020 }, "geometry": { "type": "Point", "coordinates": [ 105.690421669000045, 9.983658310000067 ] } },
{ "type": "Feature", "properties": { "OBJECTID": 201, "Cap": "Xã", "TenTinh": "Thành phố Cần Thơ", "Ten": "Xã Đông Phước", "STT": 3034 }, "geometry": { "type": "Point", "coordinates": [ 105.774471908000066, 9.931900240000061 ] } },
{ "type": "Feature", "properties": { "OBJECTID": 202, "Cap": "Xã", "TenTinh": "Thành phố Cần Thơ", "Ten": "Xã Châu Thành", "STT": 3032 }, "geometry": { "type": "Point", "coordinates": [ 105.803781149000088, 9.921892207000042 ] } },
{ "type": "Feature", "properties": { "OBJECTID": 203, "Cap": "Xã", "TenTinh": "Thành phố Cần Thơ", "Ten": "Xã Phú Hữu", "STT": 3033 }, "geometry": { "type": "Point", "coordinates": [ 105.851676738000037, 9.928325942000072 ] } },
{ "type": "Feature", "properties": { "OBJECTID": 204, "Cap": "Xã", "TenTinh": "Thành phố Cần Thơ", "Ten": "Xã An Lạc Thôn", "STT": 245 }, "geometry": { "type": "Point", "coordinates": [ 105.895283169000038, 9.926181364000058 ] } },
{ "type": "Feature", "properties": { "OBJECTID": 205, "Cap": "Xã", "TenTinh": "Thành phố Cần Thơ", "Ten": "Xã Thạnh Hòa", "STT": 3035 }, "geometry": { "type": "Point", "coordinates": [ 105.750881544000038, 9.899731561000067 ] } },
{ "type": "Feature", "properties": { "OBJECTID": 206, "Cap": "Xã", "TenTinh": "Thành phố Cần Thơ", "Ten": "Xã Tân Bình", "STT": 3016 }, "geometry": { "type": "Point", "coordinates": [ 105.650086350000038, 9.873996618000035 ] } },
{ "type": "Feature", "properties": { "OBJECTID": 207, "Cap": "Xã", "TenTinh": "Thành phố Cần Thơ", "Ten": "Xã Vĩnh Tường", "STT": 2430 }, "geometry": { "type": "Point", "coordinates": [ 105.592897588000085, 9.817522715000052 ] } },
{ "type": "Feature", "properties": { "OBJECTID": 208, "Cap": "Xã", "TenTinh": "Thành phố Cần Thơ", "Ten": "Xã Vị Thanh 1", "STT": 2441 }, "geometry": { "type": "Point", "coordinates": [ 105.537138545000062, 9.842542799000057 ] } },
{ "type": "Feature", "properties": { "OBJECTID": 209, "Cap": "Xã", "TenTinh": "Thành phố Cần Thơ", "Ten": "Xã Phụng Hiệp", "STT": 3037 }, "geometry": { "type": "Point", "coordinates": [ 105.70584539400005, 9.823956451000072 ] } },
{ "type": "Feature", "properties": { "OBJECTID": 210, "Cap": "Xã", "TenTinh": "Thành phố Cần Thơ", "Ten": "Xã Hòa An", "STT": 1720 }, "geometry": { "type": "Point", "coordinates": [ 105.648656631000051, 9.807514682000033 ] } },
{ "type": "Feature", "properties": { "OBJECTID": 211, "Cap": "Phường", "TenTinh": "Thành phố Cần Thơ", "Ten": "Phường Đại Thành", "STT": 3036 }, "geometry": { "type": "Point", "coordinates": [ 105.827371514000049, 9.832534765000048 ] } },
{ "type": "Feature", "properties": { "OBJECTID": 212, "Cap": "Phường", "TenTinh": "Thành phố Cần Thơ", "Ten": "Phường Ngã Bảy", "STT": 3028 }, "geometry": { "type": "Point", "coordinates": [ 105.82022291800007, 9.816092996000066 ] } },
{ "type": "Feature", "properties": { "OBJECTID": 213, "Cap": "Xã", "TenTinh": "Thành phố Cần Thơ", "Ten": "Xã Phong Nẫm", "STT": 246 }, "geometry": { "type": "Point", "coordinates": [ 105.957475948000081, 9.894727545000023 ] } },
{ "type": "Feature", "properties": { "OBJECTID": 214, "Cap": "Xã", "TenTinh": "Thành phố Cần Thơ", "Ten": "Xã Thới An Hội", "STT": 248 }, "geometry": { "type": "Point", "coordinates": [ 105.973202858000036, 9.857554849000053 ] } },
{ "type": "Feature", "properties": { "OBJECTID": 215, "Cap": "Xã", "TenTinh": "Thành phố Cần Thơ", "Ten": "Xã Đại Hải", "STT": 2546 }, "geometry": { "type": "Point", "coordinates": [ 105.858825333000084, 9.799651227000027 ] } },
{ "type": "Feature", "properties": { "OBJECTID": 216, "Cap": "Xã", "TenTinh": "Thành phố Cần Thơ", "Ten": "Xã Tân Phước Hưng", "STT": 2440 }, "geometry": { "type": "Point", "coordinates": [ 105.796632554000041, 9.753185358000053 ] } },
{ "type": "Feature", "properties": { "OBJECTID": 217, "Cap": "Xã", "TenTinh": "Thành phố Cần Thơ", "Ten": "Xã Hiệp Hưng", "STT": 2439 }, "geometry": { "type": "Point", "coordinates": [ 105.740873510000085, 9.781064879000041 ] } },
{ "type": "Feature", "properties": { "OBJECTID": 218, "Cap": "Xã", "TenTinh": "Thành phố Cần Thơ", "Ten": "Xã Phương Bình", "STT": 1721 }, "geometry": { "type": "Point", "coordinates": [ 105.648656631000051, 9.74103274600003 ] } },
{ "type": "Feature", "properties": { "OBJECTID": 219, "Cap": "Xã", "TenTinh": "Thành phố Cần Thơ", "Ten": "Xã Hồ Đắc Kiện", "STT": 1915 }, "geometry": { "type": "Point", "coordinates": [ 105.850247019000051, 9.716727522000042 ] } },
{ "type": "Feature", "properties": { "OBJECTID": 220, "Cap": "Xã", "TenTinh": "Thành phố Cần Thơ", "Ten": "Xã Kế Sách", "STT": 244 }, "geometry": { "type": "Point", "coordinates": [ 105.982496032000086, 9.772486565000065 ] } },
{ "type": "Feature", "properties": { "OBJECTID": 221, "Cap": "Xã", "TenTinh": "Thành phố Cần Thơ", "Ten": "Xã Nhơn Mỹ", "STT": 249 }, "geometry": { "type": "Point", "coordinates": [ 106.031821339000032, 9.789643194000064 ] } },
{ "type": "Feature", "properties": { "OBJECTID": 222, "Cap": "Xã", "TenTinh": "Thành phố Cần Thơ", "Ten": "Xã Đại Ngãi", "STT": 3049 }, "geometry": { "type": "Point", "coordinates": [ 106.071138613000073, 9.732454431000065 ] } },
{ "type": "Feature", "properties": { "OBJECTID": 223, "Cap": "Phường", "TenTinh": "Thành phố Cần Thơ", "Ten": "Phường Vị Tân", "STT": 3023 }, "geometry": { "type": "Point", "coordinates": [ 105.46064857500005, 9.80537010300003 ] } },
{ "type": "Feature", "properties": { "OBJECTID": 224, "Cap": "Phường", "TenTinh": "Thành phố Cần Thơ", "Ten": "Phường Vị Thanh", "STT": 3022 }, "geometry": { "type": "Point", "coordinates": [ 105.475660625000046, 9.768912267000076 ] } },
{ "type": "Feature", "properties": { "OBJECTID": 225, "Cap": "Xã", "TenTinh": "Thành phố Cần Thơ", "Ten": "Xã Vị Thủy", "STT": 2433 }, "geometry": { "type": "Point", "coordinates": [ 105.529989949000083, 9.755329936000066 ] } },
{ "type": "Feature", "properties": { "OBJECTID": 226, "Cap": "Xã", "TenTinh": "Thành phố Cần Thơ", "Ten": "Xã Hỏa Lựu", "STT": 3024 }, "geometry": { "type": "Point", "coordinates": [ 105.42061644100005, 9.726020696000035 ] } },
{ "type": "Feature", "properties": { "OBJECTID": 227, "Cap": "Xã", "TenTinh": "Thành phố Cần Thơ", "Ten": "Xã Vĩnh Thuận Đông", "STT": 2223 }, "geometry": { "type": "Point", "coordinates": [ 105.485668658000066, 9.70386005000006 ] } },
{ "type": "Feature", "properties": { "OBJECTID": 228, "Cap": "Phường", "TenTinh": "Thành phố Cần Thơ", "Ten": "Phường Long Bình", "STT": 2442 }, "geometry": { "type": "Point", "coordinates": [ 105.57145180200007, 9.70386005000006 ] } },
{ "type": "Feature", "properties": { "OBJECTID": 229, "Cap": "Xã", "TenTinh": "Thành phố Cần Thơ", "Ten": "Xã Vĩnh Viễn", "STT": 2224 }, "geometry": { "type": "Point", "coordinates": [ 105.46422287300004, 9.665972495000062 ] } },
{ "type": "Feature", "properties": { "OBJECTID": 230, "Cap": "Xã", "TenTinh": "Thành phố Cần Thơ", "Ten": "Xã Lương Tâm", "STT": 2225 }, "geometry": { "type": "Point", "coordinates": [ 105.459218856000064, 9.618076907000045 ] } },
{ "type": "Feature", "properties": { "OBJECTID": 231, "Cap": "Xã", "TenTinh": "Thành phố Cần Thơ", "Ten": "Xã Xà Phiên", "STT": 2226 }, "geometry": { "type": "Point", "coordinates": [ 105.527130511000053, 9.613787749000039 ] } },
{ "type": "Feature", "properties": { "OBJECTID": 232, "Cap": "Phường", "TenTinh": "Thành phố Cần Thơ", "Ten": "Phường Long Mỹ", "STT": 3038 }, "geometry": { "type": "Point", "coordinates": [ 105.572881521000056, 9.677410248000058 ] } },
{ "type": "Feature", "properties": { "OBJECTID": 233, "Cap": "Phường", "TenTinh": "Thành phố Cần Thơ", "Ten": "Phường Long Phú 1", "STT": 3039 }, "geometry": { "type": "Point", "coordinates": [ 105.617917671000043, 9.645956428000034 ] } },
{ "type": "Feature", "properties": { "OBJECTID": 234, "Cap": "Phường", "TenTinh": "Thành phố Cần Thơ", "Ten": "Phường Ngã Năm", "STT": 3057 }, "geometry": { "type": "Point", "coordinates": [ 105.595757026000058, 9.560888144000046 ] } },
{ "type": "Feature", "properties": { "OBJECTID": 235, "Cap": "Xã", "TenTinh": "Thành phố Cần Thơ", "Ten": "Xã Mỹ Phước", "STT": 3045 }, "geometry": { "type": "Point", "coordinates": [ 105.738728932000072, 9.59305682300004 ] } },
{ "type": "Feature", "properties": { "OBJECTID": 236, "Cap": "Xã", "TenTinh": "Thành phố Cần Thơ", "Ten": "Xã Mỹ Tú", "STT": 3043 }, "geometry": { "type": "Point", "coordinates": [ 105.808785166000064, 9.637378114000057 ] } },
{ "type": "Feature", "properties": { "OBJECTID": 237, "Cap": "Xã", "TenTinh": "Thành phố Cần Thơ", "Ten": "Xã Long Hưng", "STT": 3041 }, "geometry": { "type": "Point", "coordinates": [ 105.77733134600004, 9.70386005000006 ] } },
{ "type": "Feature", "properties": { "OBJECTID": 238, "Cap": "Phường", "TenTinh": "Thành phố Cần Thơ", "Ten": "Phường Mỹ Quới", "STT": 3053 }, "geometry": { "type": "Point", "coordinates": [ 105.572881521000056, 9.464382108000052 ] } },
{ "type": "Feature", "properties": { "OBJECTID": 239, "Cap": "Xã", "TenTinh": "Thành phố Cần Thơ", "Ten": "Xã Tân Long", "STT": 3058 }, "geometry": { "type": "Point", "coordinates": [ 105.670817277000083, 9.524430308000035 ] } },
{ "type": "Feature", "properties": { "OBJECTID": 240, "Cap": "Xã", "TenTinh": "Thành phố Cần Thơ", "Ten": "Xã Vĩnh Lợi", "STT": 3061 }, "geometry": { "type": "Point", "coordinates": [ 105.635789160000058, 9.447225479000053 ] } },
{ "type": "Feature", "properties": { "OBJECTID": 241, "Cap": "Xã", "TenTinh": "Thành phố Cần Thơ", "Ten": "Xã Phú Lộc", "STT": 3059 }, "geometry": { "type": "Point", "coordinates": [ 105.748022106000064, 9.429353991000028 ] } },
{ "type": "Feature", "properties": { "OBJECTID": 242, "Cap": "Xã", "TenTinh": "Thành phố Cần Thơ", "Ten": "Xã Lâm Tân", "STT": 3060 }, "geometry": { "type": "Point", "coordinates": [ 105.790913678000038, 9.524430308000035 ] } },
{ "type": "Feature", "properties": { "OBJECTID": 243, "Cap": "Xã", "TenTinh": "Thành phố Cần Thơ", "Ten": "Xã Gia Hòa", "STT": 3056 }, "geometry": { "type": "Point", "coordinates": [ 105.805925728000034, 9.410767643000042 ] } },
{ "type": "Feature", "properties": { "OBJECTID": 244, "Cap": "Xã", "TenTinh": "Thành phố Cần Thơ", "Ten": "Xã Mỹ Hương", "STT": 3042 }, "geometry": { "type": "Point", "coordinates": [ 105.850961878000078, 9.622366064000062 ] } },
{ "type": "Feature", "properties": { "OBJECTID": 245, "Cap": "Xã", "TenTinh": "Thành phố Cần Thơ", "Ten": "Xã Nhu Gia", "STT": 3052 }, "geometry": { "type": "Point", "coordinates": [ 105.853821316000051, 9.500125084000047 ] } },
{ "type": "Feature", "properties": { "OBJECTID": 246, "Cap": "Xã", "TenTinh": "Thành phố Cần Thơ", "Ten": "Xã Hòa Tú", "STT": 3054 }, "geometry": { "type": "Point", "coordinates": [ 105.897427747000052, 9.438647165000077 ] } },
{ "type": "Feature", "properties": { "OBJECTID": 247, "Cap": "Xã", "TenTinh": "Thành phố Cần Thơ", "Ten": "Xã Ngọc Tố", "STT": 3055 }, "geometry": { "type": "Point", "coordinates": [ 105.942463898000085, 9.463667248000036 ] } },
{ "type": "Feature", "properties": { "OBJECTID": 248, "Cap": "Xã", "TenTinh": "Thành phố Cần Thơ", "Ten": "Xã Thạnh Thới An", "STT": 1517 }, "geometry": { "type": "Point", "coordinates": [ 106.028961901000059, 9.490117051000027 ] } },
{ "type": "Feature", "properties": { "OBJECTID": 249, "Cap": "Phường", "TenTinh": "Thành phố Cần Thơ", "Ten": "Phường Khánh Hòa", "STT": 3062 }, "geometry": { "type": "Point", "coordinates": [ 106.007516115000044, 9.39432587400006 ] } },
{ "type": "Feature", "properties": { "OBJECTID": 250, "Cap": "Phường", "TenTinh": "Thành phố Cần Thơ", "Ten": "Phường Mỹ Xuyên", "STT": 1515 }, "geometry": { "type": "Point", "coordinates": [ 105.991789205000089, 9.564462442000035 ] } },
{ "type": "Feature", "properties": { "OBJECTID": 251, "Cap": "Xã", "TenTinh": "Thành phố Cần Thơ", "Ten": "Xã Tài Văn", "STT": 1516 }, "geometry": { "type": "Point", "coordinates": [ 106.056841423000037, 9.508703399000069 ] } },
{ "type": "Feature", "properties": { "OBJECTID": 252, "Cap": "Phường", "TenTinh": "Thành phố Cần Thơ", "Ten": "Phường Phú Lợi", "STT": 1177 }, "geometry": { "type": "Point", "coordinates": [ 105.96462454300007, 9.603779716000076 ] } },
{ "type": "Feature", "properties": { "OBJECTID": 253, "Cap": "Phường", "TenTinh": "Thành phố Cần Thơ", "Ten": "Phường Sóc Trăng", "STT": 1176 }, "geometry": { "type": "Point", "coordinates": [ 105.969628560000046, 9.617362047000029 ] } },
{ "type": "Feature", "properties": { "OBJECTID": 254, "Cap": "Xã", "TenTinh": "Thành phố Cần Thơ", "Ten": "Xã An Ninh", "STT": 3044 }, "geometry": { "type": "Point", "coordinates": [ 105.934600443000079, 9.65381988300004 ] } },
{ "type": "Feature", "properties": { "OBJECTID": 255, "Cap": "Xã", "TenTinh": "Thành phố Cần Thơ", "Ten": "Xã Thuận Hòa", "STT": 3040 }, "geometry": { "type": "Point", "coordinates": [ 105.947467915000061, 9.672406231000025 ] } },
{ "type": "Feature", "properties": { "OBJECTID": 256, "Cap": "Xã", "TenTinh": "Thành phố Cần Thơ", "Ten": "Xã Tân Thạnh", "STT": 3051 }, "geometry": { "type": "Point", "coordinates": [ 106.043259092000085, 9.626655221000021 ] } },
{ "type": "Feature", "properties": { "OBJECTID": 257, "Cap": "Xã", "TenTinh": "Thành phố Cần Thơ", "Ten": "Xã Phú Tâm", "STT": 1916 }, "geometry": { "type": "Point", "coordinates": [ 105.901716905000058, 9.703145191000033 ] } },
{ "type": "Feature", "properties": { "OBJECTID": 258, "Cap": "Xã", "TenTinh": "Thành phố Cần Thơ", "Ten": "Xã Trường Khánh", "STT": 3050 }, "geometry": { "type": "Point", "coordinates": [ 106.007516115000044, 9.681699405000074 ] } },
{ "type": "Feature", "properties": { "OBJECTID": 259, "Cap": "Xã", "TenTinh": "Thành phố Cần Thơ", "Ten": "Xã An Thạnh", "STT": 3046 }, "geometry": { "type": "Point", "coordinates": [ 106.156206897000061, 9.663827916000059 ] } },
{ "type": "Feature", "properties": { "OBJECTID": 260, "Cap": "Xã", "TenTinh": "Thành phố Cần Thơ", "Ten": "Xã Cù Lao Dung", "STT": 3047 }, "geometry": { "type": "Point", "coordinates": [ 106.244134619000079, 9.579474492000031 ] } },
{ "type": "Feature", "properties": { "OBJECTID": 261, "Cap": "Xã", "TenTinh": "Thành phố Cần Thơ", "Ten": "Xã Long Phú", "STT": 3048 }, "geometry": { "type": "Point", "coordinates": [ 106.125467937000053, 9.604494576000036 ] } },
{ "type": "Feature", "properties": { "OBJECTID": 262, "Cap": "Xã", "TenTinh": "Thành phố Cần Thơ", "Ten": "Xã Trần Đề", "STT": 250 }, "geometry": { "type": "Point", "coordinates": [ 106.199098469000035, 9.527289746000065 ] } },
{ "type": "Feature", "properties": { "OBJECTID": 263, "Cap": "Xã", "TenTinh": "Thành phố Cần Thơ", "Ten": "Xã Liêu Tú", "STT": 253 }, "geometry": { "type": "Point", "coordinates": [ 106.11974906100005, 9.492118657000049 ] } },
{ "type": "Feature", "properties": { "OBJECTID": 264, "Cap": "Xã", "TenTinh": "Thành phố Cần Thơ", "Ten": "Xã Lịch Hội Thượng", "STT": 254 }, "geometry": { "type": "Point", "coordinates": [ 106.156206897000061, 9.492833517000065 ] } },
{ "type": "Feature", "properties": { "OBJECTID": 265, "Cap": "Xã", "TenTinh": "Thành phố Cần Thơ", "Ten": "Xã Vĩnh Hải", "STT": 1880 }, "geometry": { "type": "Point", "coordinates": [ 106.113315325000087, 9.355580487000054 ] } },
{ "type": "Feature", "properties": { "OBJECTID": 266, "Cap": "Phường", "TenTinh": "Thành phố Cần Thơ", "Ten": "Phường Vĩnh Châu", "STT": 1881 }, "geometry": { "type": "Point", "coordinates": [ 106.053981984000075, 9.364873661000047 ] } },
{ "type": "Feature", "properties": { "OBJECTID": 267, "Cap": "Phường", "TenTinh": "Thành phố Cần Thơ", "Ten": "Phường Vĩnh Phước", "STT": 1882 }, "geometry": { "type": "Point", "coordinates": [ 105.935315303000039, 9.314190121000024 ] } },
{ "type": "Feature", "properties": { "OBJECTID": 268, "Cap": "Xã", "TenTinh": "Thành phố Cần Thơ", "Ten": "Xã Lai Hòa", "STT": 1883 }, "geometry": { "type": "Point", "coordinates": [ 105.833090390000052, 9.317049559000054 ] } },
{ "type": "Feature", "properties": { "OBJECTID": 269, "Cap": "Phường", "TenTinh": "Thành phố Cần Thơ", "Ten": "Phường Ninh Kiều", "STT": 1769 }, "geometry": { "type": "Point", "coordinates": [ 105.786580941000068, 10.039476910000076 ] } },
{ "type": "Feature", "properties": { "OBJECTID": 270, "Cap": "Xã", "TenTinh": "Tỉnh Vĩnh Long", "Ten": "Xã Tân Lược", "STT": 1917 }, "geometry": { "type": "Point", "coordinates": [ 105.714983447000066, 10.141272276000052 ] } },
{ "type": "Feature", "properties": { "OBJECTID": 271, "Cap": "Xã", "TenTinh": "Tỉnh Vĩnh Long", "Ten": "Xã Tân Quới", "STT": 1580 }, "geometry": { "type": "Point", "coordinates": [ 105.769770095000069, 10.118175944000029 ] } },
{ "type": "Feature", "properties": { "OBJECTID": 272, "Cap": "Xã", "TenTinh": "Tỉnh Vĩnh Long", "Ten": "Xã Mỹ Thuận", "STT": 1918 }, "geometry": { "type": "Point", "coordinates": [ 105.825630991000082, 10.132678292000037 ] } },
{ "type": "Feature", "properties": { "OBJECTID": 273, "Cap": "Phường", "TenTinh": "Tỉnh Vĩnh Long", "Ten": "Phường Bình Minh", "STT": 1661 }, "geometry": { "type": "Point", "coordinates": [ 105.799849039000037, 10.061240800000064 ] } },
{ "type": "Feature", "properties": { "OBJECTID": 274, "Cap": "Xã", "TenTinh": "Tỉnh Vĩnh Long", "Ten": "Xã Song Phú", "STT": 2991 }, "geometry": { "type": "Point", "coordinates": [ 105.903513971000052, 10.110119084000075 ] } },
{ "type": "Feature", "properties": { "OBJECTID": 275, "Cap": "Xã", "TenTinh": "Tỉnh Vĩnh Long", "Ten": "Xã Phú Quới", "STT": 2862 }, "geometry": { "type": "Point", "coordinates": [ 105.920701939000082, 10.161145864000048 ] } },
{ "type": "Feature", "properties": { "OBJECTID": 276, "Cap": "Xã", "TenTinh": "Tỉnh Vĩnh Long", "Ten": "Xã Cái Ngang", "STT": 2989 }, "geometry": { "type": "Point", "coordinates": [ 105.98354544700004, 10.113341828000046 ] } },
{ "type": "Feature", "properties": { "OBJECTID": 277, "Cap": "Phường", "TenTinh": "Tỉnh Vĩnh Long", "Ten": "Phường Đông Thành", "STT": 1845 }, "geometry": { "type": "Point", "coordinates": [ 105.83529922300005, 10.041904336000073 ] } },
{ "type": "Feature", "properties": { "OBJECTID": 278, "Cap": "Phường", "TenTinh": "Tỉnh Vĩnh Long", "Ten": "Phường Cái Vồn", "STT": 1844 }, "geometry": { "type": "Point", "coordinates": [ 105.837447719000068, 10.020419376000063 ] } },
{ "type": "Feature", "properties": { "OBJECTID": 279, "Cap": "Xã", "TenTinh": "Tỉnh Vĩnh Long", "Ten": "Xã Long Hồ", "STT": 2861 }, "geometry": { "type": "Point", "coordinates": [ 106.012013019000051, 10.190150560000063 ] } },
{ "type": "Feature", "properties": { "OBJECTID": 280, "Cap": "Xã", "TenTinh": "Tỉnh Vĩnh Long", "Ten": "Xã Bình Phước", "STT": 2972 }, "geometry": { "type": "Point", "coordinates": [ 106.021681251000075, 10.203041536000057 ] } },
{ "type": "Feature", "properties": { "OBJECTID": 281, "Cap": "Xã", "TenTinh": "Tỉnh Vĩnh Long", "Ten": "Xã Tân Long Hội", "STT": 2973 }, "geometry": { "type": "Point", "coordinates": [ 106.04262908700008, 10.14664351600004 ] } },
{ "type": "Feature", "properties": { "OBJECTID": 282, "Cap": "Xã", "TenTinh": "Tỉnh Vĩnh Long", "Ten": "Xã Hòa Hiệp", "STT": 2992 }, "geometry": { "type": "Point", "coordinates": [ 106.005567531000054, 10.085948504000044 ] } },
{ "type": "Feature", "properties": { "OBJECTID": 283, "Cap": "Xã", "TenTinh": "Tỉnh Vĩnh Long", "Ten": "Xã Trà Côn", "STT": 2995 }, "geometry": { "type": "Point", "coordinates": [ 105.997510671000043, 10.044052832000034 ] } },
{ "type": "Feature", "properties": { "OBJECTID": 284, "Cap": "Xã", "TenTinh": "Tỉnh Vĩnh Long", "Ten": "Xã Ngãi Tứ", "STT": 2994 }, "geometry": { "type": "Point", "coordinates": [ 105.93037017100005, 9.995228261000022 ] } },
{ "type": "Feature", "properties": { "OBJECTID": 285, "Cap": "Xã", "TenTinh": "Tỉnh Vĩnh Long", "Ten": "Xã Trà Côn", "STT": 2995 }, "geometry": { "type": "Point", "coordinates": [ 105.991602307000051, 10.016176097000027 ] } },
{ "type": "Feature", "properties": { "OBJECTID": 286, "Cap": "Xã", "TenTinh": "Tỉnh Vĩnh Long", "Ten": "Xã Trà Ôn", "STT": 2804 }, "geometry": { "type": "Point", "coordinates": [ 105.922313311000039, 9.96461219300005 ] } },
{ "type": "Feature", "properties": { "OBJECTID": 287, "Cap": "Xã", "TenTinh": "Tỉnh Vĩnh Long", "Ten": "Xã Lục Sĩ Thành", "STT": 2805 }, "geometry": { "type": "Point", "coordinates": [ 105.914256451000085, 9.958166705000053 ] } },
{ "type": "Feature", "properties": { "OBJECTID": 288, "Cap": "Xã", "TenTinh": "Tỉnh Vĩnh Long", "Ten": "Xã Vĩnh Xuân", "STT": 2803 }, "geometry": { "type": "Point", "coordinates": [ 106.010938771000042, 9.950646969000047 ] } },
{ "type": "Feature", "properties": { "OBJECTID": 289, "Cap": "Xã", "TenTinh": "Tỉnh Vĩnh Long", "Ten": "Xã Hòa Bình", "STT": 1846 }, "geometry": { "type": "Point", "coordinates": [ 106.04585183100005, 10.039809553000055 ] } },
{ "type": "Feature", "properties": { "OBJECTID": 290, "Cap": "Phường", "TenTinh": "Tỉnh Vĩnh Long", "Ten": "Phường Tân Ngãi", "STT": 2082 }, "geometry": { "type": "Point", "coordinates": [ 105.909744609000086, 10.266905579000024 ] } },
{ "type": "Feature", "properties": { "OBJECTID": 291, "Cap": "Xã", "TenTinh": "Tỉnh Vĩnh Long", "Ten": "Xã An Bình", "STT": 2858 }, "geometry": { "type": "Point", "coordinates": [ 105.990313209000078, 10.282482175000041 ] } },
{ "type": "Feature", "properties": { "OBJECTID": 292, "Cap": "Phường", "TenTinh": "Tỉnh Vĩnh Long", "Ten": "Phường Thanh Đức", "STT": 2859 }, "geometry": { "type": "Point", "coordinates": [ 105.998370069000089, 10.256163099000048 ] } },
{ "type": "Feature", "properties": { "OBJECTID": 293, "Cap": "Phường", "TenTinh": "Tỉnh Vĩnh Long", "Ten": "Phường Phước Hậu", "STT": 2081 }, "geometry": { "type": "Point", "coordinates": [ 105.970976745000087, 10.239512255000022 ] } },
{ "type": "Feature", "properties": { "OBJECTID": 294, "Cap": "Phường", "TenTinh": "Tỉnh Vĩnh Long", "Ten": "Phường Long Châu", "STT": 2080 }, "geometry": { "type": "Point", "coordinates": [ 105.960771389000058, 10.25079185900006 ] } },
{ "type": "Feature", "properties": { "OBJECTID": 295, "Cap": "Phường", "TenTinh": "Tỉnh Vĩnh Long", "Ten": "Phường Tân Hạnh", "STT": 2860 }, "geometry": { "type": "Point", "coordinates": [ 105.936600809000083, 10.234141015000034 ] } },
{ "type": "Feature", "properties": { "OBJECTID": 296, "Cap": "Xã", "TenTinh": "Tỉnh Vĩnh Long", "Ten": "Xã Phú Phụng", "STT": 1295 }, "geometry": { "type": "Point", "coordinates": [ 106.049933973000066, 10.276036687000044 ] } },
{ "type": "Feature", "properties": { "OBJECTID": 297, "Cap": "Xã", "TenTinh": "Tỉnh Vĩnh Long", "Ten": "Xã Nhơn Phú", "STT": 2181 }, "geometry": { "type": "Point", "coordinates": [ 106.054230965000045, 10.23843800700007 ] } },
{ "type": "Feature", "properties": { "OBJECTID": 298, "Cap": "Xã", "TenTinh": "Tỉnh Vĩnh Long", "Ten": "Xã Chợ Lách", "STT": 1296 }, "geometry": { "type": "Point", "coordinates": [ 106.145004921000066, 10.250254735000055 ] } },
{ "type": "Feature", "properties": { "OBJECTID": 299, "Cap": "Xã", "TenTinh": "Tỉnh Vĩnh Long", "Ten": "Xã Cái Nhum", "STT": 2180 }, "geometry": { "type": "Point", "coordinates": [ 106.096663761000059, 10.191171096000062 ] } },
{ "type": "Feature", "properties": { "OBJECTID": 300, "Cap": "Xã", "TenTinh": "Tỉnh Vĩnh Long", "Ten": "Xã Tân Phú", "STT": 2814 }, "geometry": { "type": "Point", "coordinates": [ 106.201402941000083, 10.288927663000038 ] } },
{ "type": "Feature", "properties": { "OBJECTID": 301, "Cap": "Xã", "TenTinh": "Tỉnh Vĩnh Long", "Ten": "Xã Vĩnh Thành", "STT": 116 }, "geometry": { "type": "Point", "coordinates": [ 106.214831041000082, 10.199765079000031 ] } },
{ "type": "Feature", "properties": { "OBJECTID": 302, "Cap": "Xã", "TenTinh": "Tỉnh Vĩnh Long", "Ten": "Xã Quới An", "STT": 2983 }, "geometry": { "type": "Point", "coordinates": [ 106.163267137000048, 10.158943656000076 ] } },
{ "type": "Feature", "properties": { "OBJECTID": 303, "Cap": "Xã", "TenTinh": "Tỉnh Vĩnh Long", "Ten": "Xã Trung Hiệp", "STT": 2984 }, "geometry": { "type": "Point", "coordinates": [ 106.132651069000076, 10.11060249600007 ] } },
{ "type": "Feature", "properties": { "OBJECTID": 304, "Cap": "Xã", "TenTinh": "Tỉnh Vĩnh Long", "Ten": "Xã Trung Thành", "STT": 2986 }, "geometry": { "type": "Point", "coordinates": [ 106.185289221000062, 10.089654660000065 ] } },
{ "type": "Feature", "properties": { "OBJECTID": 305, "Cap": "Xã", "TenTinh": "Tỉnh Vĩnh Long", "Ten": "Xã Quới Thiện", "STT": 2982 }, "geometry": { "type": "Point", "coordinates": [ 106.229870513000037, 10.11060249600007 ] } },
{ "type": "Feature", "properties": { "OBJECTID": 306, "Cap": "Xã", "TenTinh": "Tỉnh Vĩnh Long", "Ten": "Xã Hiếu Phụng", "STT": 2985 }, "geometry": { "type": "Point", "coordinates": [ 106.111703233000071, 10.038896442000066 ] } },
{ "type": "Feature", "properties": { "OBJECTID": 307, "Cap": "Xã", "TenTinh": "Tỉnh Vĩnh Long", "Ten": "Xã Hiếu Thành", "STT": 2988 }, "geometry": { "type": "Point", "coordinates": [ 106.09558951300005, 9.981961298000044 ] } },
{ "type": "Feature", "properties": { "OBJECTID": 308, "Cap": "Xã", "TenTinh": "Tỉnh Vĩnh Long", "Ten": "Xã Trung Ngãi", "STT": 2987 }, "geometry": { "type": "Point", "coordinates": [ 106.19979156900007, 10.055010162000031 ] } },
{ "type": "Feature", "properties": { "OBJECTID": 309, "Cap": "Xã", "TenTinh": "Tỉnh Vĩnh Long", "Ten": "Xã Càng Long", "STT": 1688 }, "geometry": { "type": "Point", "coordinates": [ 106.205162809000058, 10.005057630000067 ] } },
{ "type": "Feature", "properties": { "OBJECTID": 310, "Cap": "Xã", "TenTinh": "Tỉnh Vĩnh Long", "Ten": "Xã An Trường", "STT": 1689 }, "geometry": { "type": "Point", "coordinates": [ 106.174009617000081, 9.947048238000036 ] } },
{ "type": "Feature", "properties": { "OBJECTID": 311, "Cap": "Xã", "TenTinh": "Tỉnh Vĩnh Long", "Ten": "Xã Tam Ngãi", "STT": 2594 }, "geometry": { "type": "Point", "coordinates": [ 106.076253049000059, 9.922770233000051 ] } },
{ "type": "Feature", "properties": { "OBJECTID": 312, "Cap": "Xã", "TenTinh": "Tỉnh Vĩnh Long", "Ten": "Xã An Phú Tân", "STT": 2592 }, "geometry": { "type": "Point", "coordinates": [ 106.016095161000067, 9.876040445000058 ] } },
{ "type": "Feature", "properties": { "OBJECTID": 313, "Cap": "Xã", "TenTinh": "Tỉnh Vĩnh Long", "Ten": "Xã Cầu Kè", "STT": 2591 }, "geometry": { "type": "Point", "coordinates": [ 106.057990833000076, 9.868520709000052 ] } },
{ "type": "Feature", "properties": { "OBJECTID": 314, "Cap": "Xã", "TenTinh": "Tỉnh Vĩnh Long", "Ten": "Xã Phong Thạnh", "STT": 2593 }, "geometry": { "type": "Point", "coordinates": [ 106.122445713000047, 9.839516013000036 ] } },
{ "type": "Feature", "properties": { "OBJECTID": 315, "Cap": "Xã", "TenTinh": "Tỉnh Vĩnh Long", "Ten": "Xã Tân An", "STT": 1690 }, "geometry": { "type": "Point", "coordinates": [ 106.227722017000076, 9.925455853000074 ] } },
{ "type": "Feature", "properties": { "OBJECTID": 316, "Cap": "Xã", "TenTinh": "Tỉnh Vĩnh Long", "Ten": "Xã Bình Phú", "STT": 1691 }, "geometry": { "type": "Point", "coordinates": [ 106.244695135000086, 9.959831789000077 ] } },
{ "type": "Feature", "properties": { "OBJECTID": 317, "Cap": "Xã", "TenTinh": "Tỉnh Vĩnh Long", "Ten": "Xã Nhị Long", "STT": 1692 }, "geometry": { "type": "Point", "coordinates": [ 106.267791467000052, 10.007635825000023 ] } },
{ "type": "Feature", "properties": { "OBJECTID": 318, "Cap": "Phường", "TenTinh": "Tỉnh Vĩnh Long", "Ten": "Phường Long Đức", "STT": 1687 }, "geometry": { "type": "Point", "coordinates": [ 106.331709223000075, 9.980779625000025 ] } },
{ "type": "Feature", "properties": { "OBJECTID": 319, "Cap": "Phường", "TenTinh": "Tỉnh Vĩnh Long", "Ten": "Phường Trà Vinh", "STT": 569 }, "geometry": { "type": "Point", "coordinates": [ 106.339228959000081, 9.94425519300006 ] } },
{ "type": "Feature", "properties": { "OBJECTID": 320, "Cap": "Phường", "TenTinh": "Tỉnh Vĩnh Long", "Ten": "Phường Nguyệt Hóa", "STT": 1686 }, "geometry": { "type": "Point", "coordinates": [ 106.329560727000057, 9.923307357000056 ] } },
{ "type": "Feature", "properties": { "OBJECTID": 321, "Cap": "Phường", "TenTinh": "Tỉnh Vĩnh Long", "Ten": "Phường Hòa Thuận", "STT": 1730 }, "geometry": { "type": "Point", "coordinates": [ 106.359639671000082, 9.938346829000068 ] } },
{ "type": "Feature", "properties": { "OBJECTID": 322, "Cap": "Xã", "TenTinh": "Tỉnh Vĩnh Long", "Ten": "Xã Song Lộc", "STT": 1936 }, "geometry": { "type": "Point", "coordinates": [ 106.283905187000073, 9.860463849000041 ] } },
{ "type": "Feature", "properties": { "OBJECTID": 323, "Cap": "Xã", "TenTinh": "Tỉnh Vĩnh Long", "Ten": "Xã Châu Thành", "STT": 1693 }, "geometry": { "type": "Point", "coordinates": [ 106.344063075000065, 9.879800313000032 ] } },
{ "type": "Feature", "properties": { "OBJECTID": 324, "Cap": "Xã", "TenTinh": "Tỉnh Vĩnh Long", "Ten": "Xã Thành Thới", "STT": 1738 }, "geometry": { "type": "Point", "coordinates": [ 106.324189487000069, 10.049531497000032 ] } },
{ "type": "Feature", "properties": { "OBJECTID": 325, "Cap": "Xã", "TenTinh": "Tỉnh Vĩnh Long", "Ten": "Xã An Định", "STT": 1737 }, "geometry": { "type": "Point", "coordinates": [ 106.374142019000033, 10.079073317000052 ] } },
{ "type": "Feature", "properties": { "OBJECTID": 326, "Cap": "Xã", "TenTinh": "Tỉnh Vĩnh Long", "Ten": "Xã Hương Mỹ", "STT": 2815 }, "geometry": { "type": "Point", "coordinates": [ 106.400890794000077, 10.013544189000072 ] } },
{ "type": "Feature", "properties": { "OBJECTID": 327, "Cap": "Xã", "TenTinh": "Tỉnh Vĩnh Long", "Ten": "Xã Đại Điền", "STT": 2178 }, "geometry": { "type": "Point", "coordinates": [ 106.44762058200007, 10.00172746100003 ] } },
{ "type": "Feature", "properties": { "OBJECTID": 328, "Cap": "Xã", "TenTinh": "Tỉnh Vĩnh Long", "Ten": "Xã Quới Điền", "STT": 2179 }, "geometry": { "type": "Point", "coordinates": [ 106.475551030000076, 9.982390997000039 ] } },
{ "type": "Feature", "properties": { "OBJECTID": 329, "Cap": "Xã", "TenTinh": "Tỉnh Vĩnh Long", "Ten": "Xã Thạnh Phú", "STT": 2007 }, "geometry": { "type": "Point", "coordinates": [ 106.514761082000064, 9.948015061000035 ] } },
{ "type": "Feature", "properties": { "OBJECTID": 330, "Cap": "Xã", "TenTinh": "Tỉnh Vĩnh Long", "Ten": "Xã Hòa Minh", "STT": 1938 }, "geometry": { "type": "Point", "coordinates": [ 106.471791162000045, 9.905582265000021 ] } },
{ "type": "Feature", "properties": { "OBJECTID": 331, "Cap": "Xã", "TenTinh": "Tỉnh Vĩnh Long", "Ten": "Xã Hưng Mỹ", "STT": 1937 }, "geometry": { "type": "Point", "coordinates": [ 106.423450002000038, 9.902359521000051 ] } },
{ "type": "Feature", "properties": { "OBJECTID": 332, "Cap": "Xã", "TenTinh": "Tỉnh Vĩnh Long", "Ten": "Xã Vinh Kim", "STT": 1941 }, "geometry": { "type": "Point", "coordinates": [ 106.452454698000054, 9.849721369000065 ] } },
{ "type": "Feature", "properties": { "OBJECTID": 333, "Cap": "Xã", "TenTinh": "Tỉnh Vĩnh Long", "Ten": "Xã Long Hòa", "STT": 1939 }, "geometry": { "type": "Point", "coordinates": [ 106.497573114000033, 9.885171553000021 ] } },
{ "type": "Feature", "properties": { "OBJECTID": 334, "Cap": "Xã", "TenTinh": "Tỉnh Vĩnh Long", "Ten": "Xã An Hiệp", "STT": 2176 }, "geometry": { "type": "Point", "coordinates": [ 106.529800554000076, 10.050068621000037 ] } },
{ "type": "Feature", "properties": { "OBJECTID": 335, "Cap": "Xã", "TenTinh": "Tỉnh Vĩnh Long", "Ten": "Xã An Ngãi Trung", "STT": 2690 }, "geometry": { "type": "Point", "coordinates": [ 106.544302902000084, 10.093038541000055 ] } },
{ "type": "Feature", "properties": { "OBJECTID": 336, "Cap": "Xã", "TenTinh": "Tỉnh Vĩnh Long", "Ten": "Xã Hưng Nhượng", "STT": 266 }, "geometry": { "type": "Point", "coordinates": [ 106.490590502000089, 10.09679840900003 ] } },
{ "type": "Feature", "properties": { "OBJECTID": 337, "Cap": "Xã", "TenTinh": "Tỉnh Vĩnh Long", "Ten": "Xã Tiểu Cần", "STT": 2595 }, "geometry": { "type": "Point", "coordinates": [ 106.180669955000042, 9.803260143000045 ] } },
{ "type": "Feature", "properties": { "OBJECTID": 338, "Cap": "Xã", "TenTinh": "Tỉnh Vĩnh Long", "Ten": "Xã Tân Hòa", "STT": 2598 }, "geometry": { "type": "Point", "coordinates": [ 106.159722119000037, 9.762975843000049 ] } },
{ "type": "Feature", "properties": { "OBJECTID": 339, "Cap": "Xã", "TenTinh": "Tỉnh Vĩnh Long", "Ten": "Xã Hùng Hòa", "STT": 2596 }, "geometry": { "type": "Point", "coordinates": [ 106.204840535000073, 9.791980539000065 ] } },
{ "type": "Feature", "properties": { "OBJECTID": 340, "Cap": "Xã", "TenTinh": "Tỉnh Vĩnh Long", "Ten": "Xã Tập Ngãi", "STT": 2597 }, "geometry": { "type": "Point", "coordinates": [ 106.265535546000081, 9.81292837500007 ] } },
{ "type": "Feature", "properties": { "OBJECTID": 341, "Cap": "Xã", "TenTinh": "Tỉnh Vĩnh Long", "Ten": "Xã Nhị Trường", "STT": 1942 }, "geometry": { "type": "Point", "coordinates": [ 106.388536942000087, 9.755993231000048 ] } },
{ "type": "Feature", "properties": { "OBJECTID": 342, "Cap": "Xã", "TenTinh": "Tỉnh Vĩnh Long", "Ten": "Xã Tập Sơn", "STT": 1033 }, "geometry": { "type": "Point", "coordinates": [ 106.261775678000049, 9.737193891000061 ] } },
{ "type": "Feature", "properties": { "OBJECTID": 343, "Cap": "Xã", "TenTinh": "Tỉnh Vĩnh Long", "Ten": "Xã Cầu Ngang", "STT": 1940 }, "geometry": { "type": "Point", "coordinates": [ 106.45084332600004, 9.796814655000048 ] } },
{ "type": "Feature", "properties": { "OBJECTID": 344, "Cap": "Xã", "TenTinh": "Tỉnh Vĩnh Long", "Ten": "Xã Mỹ Long", "STT": 1933 }, "geometry": { "type": "Point", "coordinates": [ 106.507241346000058, 9.809168507000038 ] } },
{ "type": "Feature", "properties": { "OBJECTID": 345, "Cap": "Xã", "TenTinh": "Tỉnh Vĩnh Long", "Ten": "Xã Hiệp Mỹ", "STT": 1589 }, "geometry": { "type": "Point", "coordinates": [ 106.478773774000047, 9.730748403000064 ] } },
{ "type": "Feature", "properties": { "OBJECTID": 346, "Cap": "Xã", "TenTinh": "Tỉnh Vĩnh Long", "Ten": "Xã Long Hiệp", "STT": 1611 }, "geometry": { "type": "Point", "coordinates": [ 106.340732906000085, 9.70872631900005 ] } },
{ "type": "Feature", "properties": { "OBJECTID": 347, "Cap": "Xã", "TenTinh": "Tỉnh Vĩnh Long", "Ten": "Xã Lưu Nghiệp Anh", "STT": 1606 }, "geometry": { "type": "Point", "coordinates": [ 106.220417131000033, 9.69637246700006 ] } },
{ "type": "Feature", "properties": { "OBJECTID": 348, "Cap": "Xã", "TenTinh": "Tỉnh Vĩnh Long", "Ten": "Xã Trà Cú", "STT": 1607 }, "geometry": { "type": "Point", "coordinates": [ 106.260366590000046, 9.687780666000037 ] } },
{ "type": "Feature", "properties": { "OBJECTID": 349, "Cap": "Xã", "TenTinh": "Tỉnh Vĩnh Long", "Ten": "Xã Hàm Giang", "STT": 1608 }, "geometry": { "type": "Point", "coordinates": [ 106.266326261000074, 9.654009196000061 ] } },
{ "type": "Feature", "properties": { "OBJECTID": 350, "Cap": "Xã", "TenTinh": "Tỉnh Vĩnh Long", "Ten": "Xã Đại An", "STT": 1609 }, "geometry": { "type": "Point", "coordinates": [ 106.302084287000071, 9.638613380000038 ] } },
{ "type": "Feature", "properties": { "OBJECTID": 351, "Cap": "Xã", "TenTinh": "Tỉnh Vĩnh Long", "Ten": "Xã Đôn Châu", "STT": 1610 }, "geometry": { "type": "Point", "coordinates": [ 106.346781819000057, 9.644573051000066 ] } },
{ "type": "Feature", "properties": { "OBJECTID": 352, "Cap": "Xã", "TenTinh": "Tỉnh Vĩnh Long", "Ten": "Xã Long Vĩnh", "STT": 2680 }, "geometry": { "type": "Point", "coordinates": [ 106.354728047000037, 9.602855353000052 ] } },
{ "type": "Feature", "properties": { "OBJECTID": 353, "Cap": "Xã", "TenTinh": "Tỉnh Vĩnh Long", "Ten": "Xã Ngũ Lạc", "STT": 2679 }, "geometry": { "type": "Point", "coordinates": [ 106.428230657000086, 9.666921817000059 ] } },
{ "type": "Feature", "properties": { "OBJECTID": 354, "Cap": "Xã", "TenTinh": "Tỉnh Vĩnh Long", "Ten": "Xã Long Thành", "STT": 2678 }, "geometry": { "type": "Point", "coordinates": [ 106.451076062000084, 9.613284778000036 ] } },
{ "type": "Feature", "properties": { "OBJECTID": 355, "Cap": "Phường", "TenTinh": "Tỉnh Vĩnh Long", "Ten": "Phường Duyên Hải", "STT": 1724 }, "geometry": { "type": "Point", "coordinates": [ 106.492297120000046, 9.633646987000077 ] } },
{ "type": "Feature", "properties": { "OBJECTID": 356, "Cap": "Xã", "TenTinh": "Tỉnh Vĩnh Long", "Ten": "Xã Đông Hải", "STT": 2079 }, "geometry": { "type": "Point", "coordinates": [ 106.435183606000066, 9.554681346000052 ] } },
{ "type": "Feature", "properties": { "OBJECTID": 357, "Cap": "Xã", "TenTinh": "Tỉnh Vĩnh Long", "Ten": "Xã Long Hữu", "STT": 2933 }, "geometry": { "type": "Point", "coordinates": [ 106.487330728000074, 9.678841159000058 ] } },
{ "type": "Feature", "properties": { "OBJECTID": 358, "Cap": "Phường", "TenTinh": "Tỉnh Vĩnh Long", "Ten": "Phường Trường Long Hòa", "STT": 2932 }, "geometry": { "type": "Point", "coordinates": [ 106.510176133000073, 9.683807552000076 ] } },
{ "type": "Feature", "properties": { "OBJECTID": 359, "Cap": "Xã", "TenTinh": "Tỉnh Vĩnh Long", "Ten": "Xã Thạnh Hải", "STT": 2856 }, "geometry": { "type": "Point", "coordinates": [ 106.653619417000073, 9.878689332000022 ] } },
{ "type": "Feature", "properties": { "OBJECTID": 360, "Cap": "Xã", "TenTinh": "Tỉnh Vĩnh Long", "Ten": "Xã Thạnh Phong", "STT": 2857 }, "geometry": { "type": "Point", "coordinates": [ 106.61078911900006, 9.878689332000022 ] } },
{ "type": "Feature", "properties": { "OBJECTID": 361, "Cap": "Xã", "TenTinh": "Tỉnh Vĩnh Long", "Ten": "Xã An Qui", "STT": 2855 }, "geometry": { "type": "Point", "coordinates": [ 106.594132891000072, 9.888207176000037 ] } },
{ "type": "Feature", "properties": { "OBJECTID": 362, "Cap": "Xã", "TenTinh": "Tỉnh Vĩnh Long", "Ten": "Xã Tân Thủy", "STT": 2177 }, "geometry": { "type": "Point", "coordinates": [ 106.619117232000065, 10.005990495000049 ] } },
{ "type": "Feature", "properties": { "OBJECTID": 363, "Cap": "Xã", "TenTinh": "Tỉnh Vĩnh Long", "Ten": "Xã Ba Tri", "STT": 2691 }, "geometry": { "type": "Point", "coordinates": [ 106.59175343000004, 10.046441332000029 ] } },
{ "type": "Feature", "properties": { "OBJECTID": 364, "Cap": "Xã", "TenTinh": "Tỉnh Vĩnh Long", "Ten": "Xã Thới Thuận", "STT": 2350 }, "geometry": { "type": "Point", "coordinates": [ 106.720244325000067, 10.058338637000077 ] } },
{ "type": "Feature", "properties": { "OBJECTID": 365, "Cap": "Xã", "TenTinh": "Tỉnh Vĩnh Long", "Ten": "Xã Bảo Thạnh", "STT": 2353 }, "geometry": { "type": "Point", "coordinates": [ 106.655998878000048, 10.076184595000029 ] } },
{ "type": "Feature", "properties": { "OBJECTID": 366, "Cap": "Xã", "TenTinh": "Tỉnh Vĩnh Long", "Ten": "Xã Thạnh Phước", "STT": 2349 }, "geometry": { "type": "Point", "coordinates": [ 106.689311332000045, 10.119014893000042 ] } },
{ "type": "Feature", "properties": { "OBJECTID": 367, "Cap": "Xã", "TenTinh": "Tỉnh Vĩnh Long", "Ten": "Xã Bình Đại", "STT": 2347 }, "geometry": { "type": "Point", "coordinates": [ 106.692880523000042, 10.185639801000036 ] } },
{ "type": "Feature", "properties": { "OBJECTID": 368, "Cap": "Xã", "TenTinh": "Tỉnh Vĩnh Long", "Ten": "Xã Tân Xuân", "STT": 2351 }, "geometry": { "type": "Point", "coordinates": [ 106.627445346000059, 10.092840822000028 ] } },
{ "type": "Feature", "properties": { "OBJECTID": 369, "Cap": "Xã", "TenTinh": "Tỉnh Vĩnh Long", "Ten": "Xã Thạnh Trị", "STT": 2348 }, "geometry": { "type": "Point", "coordinates": [ 106.616737771000032, 10.222521447000076 ] } },
{ "type": "Feature", "properties": { "OBJECTID": 370, "Cap": "Xã", "TenTinh": "Tỉnh Vĩnh Long", "Ten": "Xã Giồng Trôm", "STT": 263 }, "geometry": { "type": "Point", "coordinates": [ 106.505376213000034, 10.151339384000039 ] } },
{ "type": "Feature", "properties": { "OBJECTID": 371, "Cap": "Xã", "TenTinh": "Tỉnh Vĩnh Long", "Ten": "Xã Lộc Thuận", "STT": 1128 }, "geometry": { "type": "Point", "coordinates": [ 106.587050168000076, 10.224782631000039 ] } },
{ "type": "Feature", "properties": { "OBJECTID": 372, "Cap": "Xã", "TenTinh": "Tỉnh Vĩnh Long", "Ten": "Xã Mỹ Chánh Hòa", "STT": 2352 }, "geometry": { "type": "Point", "coordinates": [ 106.581985117000045, 10.120949075000055 ] } },
{ "type": "Feature", "properties": { "OBJECTID": 373, "Cap": "Xã", "TenTinh": "Tỉnh Vĩnh Long", "Ten": "Xã Tân Hào", "STT": 265 }, "geometry": { "type": "Point", "coordinates": [ 106.463589538000065, 10.139943018000054 ] } },
{ "type": "Feature", "properties": { "OBJECTID": 374, "Cap": "Xã", "TenTinh": "Tỉnh Vĩnh Long", "Ten": "Xã Châu Hòa", "STT": 2930 }, "geometry": { "type": "Point", "coordinates": [ 106.490181058000076, 10.217185053000037 ] } },
{ "type": "Feature", "properties": { "OBJECTID": 375, "Cap": "Xã", "TenTinh": "Tỉnh Vĩnh Long", "Ten": "Xã Châu Hưng", "STT": 1127 }, "geometry": { "type": "Point", "coordinates": [ 106.530068339000081, 10.231747076000033 ] } },
{ "type": "Feature", "properties": { "OBJECTID": 376, "Cap": "Xã", "TenTinh": "Tỉnh Vĩnh Long", "Ten": "Xã Phú Thuận", "STT": 1126 }, "geometry": { "type": "Point", "coordinates": [ 106.488914796000074, 10.266569305000075 ] } },
{ "type": "Feature", "properties": { "OBJECTID": 377, "Cap": "Xã", "TenTinh": "Tỉnh Vĩnh Long", "Ten": "Xã Lương Hòa", "STT": 2931 }, "geometry": { "type": "Point", "coordinates": [ 106.450293778000059, 10.239344654000035 ] } },
{ "type": "Feature", "properties": { "OBJECTID": 378, "Cap": "Xã", "TenTinh": "Tỉnh Vĩnh Long", "Ten": "Xã Lương Phú", "STT": 2346 }, "geometry": { "type": "Point", "coordinates": [ 106.431932966000034, 10.221616973000039 ] } },
{ "type": "Feature", "properties": { "OBJECTID": 379, "Cap": "Xã", "TenTinh": "Tỉnh Vĩnh Long", "Ten": "Xã Phước Long", "STT": 264 }, "geometry": { "type": "Point", "coordinates": [ 106.394578211000066, 10.15260564700003 ] } },
{ "type": "Feature", "properties": { "OBJECTID": 380, "Cap": "Xã", "TenTinh": "Tỉnh Vĩnh Long", "Ten": "Xã Đồng Khởi", "STT": 2003 }, "geometry": { "type": "Point", "coordinates": [ 106.385081240000034, 10.096256949000065 ] } },
{ "type": "Feature", "properties": { "OBJECTID": 381, "Cap": "Xã", "TenTinh": "Tỉnh Vĩnh Long", "Ten": "Xã Mỏ Cày", "STT": 2005 }, "geometry": { "type": "Point", "coordinates": [ 106.331898199000079, 10.126647258000048 ] } },
{ "type": "Feature", "properties": { "OBJECTID": 382, "Cap": "Phường", "TenTinh": "Tỉnh Vĩnh Long", "Ten": "Phường Bến Tre", "STT": 2854 }, "geometry": { "type": "Point", "coordinates": [ 106.348992748000057, 10.238078391000045 ] } },
{ "type": "Feature", "properties": { "OBJECTID": 383, "Cap": "Xã", "TenTinh": "Tỉnh Vĩnh Long", "Ten": "Xã Giao Long", "STT": 2812 }, "geometry": { "type": "Point", "coordinates": [ 106.399010131000068, 10.305190323000033 ] } },
{ "type": "Feature", "properties": { "OBJECTID": 384, "Cap": "Phường", "TenTinh": "Tỉnh Vĩnh Long", "Ten": "Phường Phú Tân", "STT": 2852 }, "geometry": { "type": "Point", "coordinates": [ 106.386980634000054, 10.269734963000076 ] } },
{ "type": "Feature", "properties": { "OBJECTID": 385, "Cap": "Phường", "TenTinh": "Tỉnh Vĩnh Long", "Ten": "Phường Sơn Đông", "STT": 1155 }, "geometry": { "type": "Point", "coordinates": [ 106.337596382000072, 10.266569305000075 ] } },
{ "type": "Feature", "properties": { "OBJECTID": 386, "Cap": "Xã", "TenTinh": "Tỉnh Vĩnh Long", "Ten": "Xã Tân Thành Bình", "STT": 2002 }, "geometry": { "type": "Point", "coordinates": [ 106.295176576000074, 10.157670698000061 ] } },
{ "type": "Feature", "properties": { "OBJECTID": 387, "Cap": "Xã", "TenTinh": "Tỉnh Vĩnh Long", "Ten": "Xã Phú Túc", "STT": 2813 }, "geometry": { "type": "Point", "coordinates": [ 106.341395171000045, 10.310888506000026 ] } },
{ "type": "Feature", "properties": { "OBJECTID": 388, "Cap": "Phường", "TenTinh": "Tỉnh Vĩnh Long", "Ten": "Phường Phú Khương", "STT": 2851 }, "geometry": { "type": "Point", "coordinates": [ 106.373684874000048, 10.24947475700003 ] } },
{ "type": "Feature", "properties": { "OBJECTID": 389, "Cap": "Xã", "TenTinh": "Tỉnh Vĩnh Long", "Ten": "Xã Hưng Khánh Trung", "STT": 117 }, "geometry": { "type": "Point", "coordinates": [ 106.24746648100006, 10.175683473000049 ] } },
{ "type": "Feature", "properties": { "OBJECTID": 390, "Cap": "Xã", "TenTinh": "Tỉnh Vĩnh Long", "Ten": "Xã Phước Mỹ Trung", "STT": 2001 }, "geometry": { "type": "Point", "coordinates": [ 106.27511198600007, 10.185951803000023 ] } },
{ "type": "Feature", "properties": { "OBJECTID": 391, "Cap": "Xã", "TenTinh": "Tỉnh Vĩnh Long", "Ten": "Xã Nhuận Phú Tân", "STT": 2004 }, "geometry": { "type": "Point", "coordinates": [ 106.285775253000054, 10.112493746000041 ] } },
{ "type": "Feature", "properties": { "OBJECTID": 392, "Cap": "Phường", "TenTinh": "Tỉnh Vĩnh Long", "Ten": "Phường An Hội", "STT": 2853 }, "geometry": { "type": "Point", "coordinates": [ 106.375030741000046, 10.240058006000027 ] } },
{ "type": "Feature", "properties": { "OBJECTID": 393, "Cap": "Xã", "TenTinh": "Tỉnh Vĩnh Long", "Ten": "Xã Tiên Thủy", "STT": 2231 }, "geometry": { "type": "Point", "coordinates": [ 106.242332316000045, 10.271652870000025 ] } },
{ "type": "Feature", "properties": { "OBJECTID": 394, "Cap": "Xã", "TenTinh": "Tỉnh Đồng Tháp", "Ten": "Xã Thường Phước", "STT": 2263 }, "geometry": { "type": "Point", "coordinates": [ 105.278425235000043, 10.822035692000043 ] } },
{ "type": "Feature", "properties": { "OBJECTID": 395, "Cap": "Phường", "TenTinh": "Tỉnh Đồng Tháp", "Ten": "Phường Thường Lạc", "STT": 2996 }, "geometry": { "type": "Point", "coordinates": [ 105.30719027400005, 10.827334515000075 ] } },
{ "type": "Feature", "properties": { "OBJECTID": 396, "Cap": "Phường", "TenTinh": "Tỉnh Đồng Tháp", "Ten": "Phường Hồng Ngự", "STT": 2262 }, "geometry": { "type": "Point", "coordinates": [ 105.344282036000038, 10.833390313000052 ] } },
{ "type": "Feature", "properties": { "OBJECTID": 397, "Cap": "Xã", "TenTinh": "Tỉnh Đồng Tháp", "Ten": "Xã Tân Hồng", "STT": 2259 }, "geometry": { "type": "Point", "coordinates": [ 105.465397993000067, 10.869725100000039 ] } },
{ "type": "Feature", "properties": { "OBJECTID": 398, "Cap": "Xã", "TenTinh": "Tỉnh Đồng Tháp", "Ten": "Xã Tân Hộ Cơ", "STT": 197 }, "geometry": { "type": "Point", "coordinates": [ 105.504760679000071, 10.895462241000075 ] } },
{ "type": "Feature", "properties": { "OBJECTID": 399, "Cap": "Xã", "TenTinh": "Tỉnh Đồng Tháp", "Ten": "Xã Tân Thành", "STT": 2258 }, "geometry": { "type": "Point", "coordinates": [ 105.555477986000085, 10.85837047900003 ] } },
{ "type": "Feature", "properties": { "OBJECTID": 400, "Cap": "Xã", "TenTinh": "Tỉnh Đồng Tháp", "Ten": "Xã An Phước", "STT": 2260 }, "geometry": { "type": "Point", "coordinates": [ 105.590298823000069, 10.828091490000077 ] } },
{ "type": "Feature", "properties": { "OBJECTID": 401, "Cap": "Phường", "TenTinh": "Tỉnh Đồng Tháp", "Ten": "Phường An Bình", "STT": 2261 }, "geometry": { "type": "Point", "coordinates": [ 105.347309935000055, 10.801597374000039 ] } },
{ "type": "Feature", "properties": { "OBJECTID": 402, "Cap": "Xã", "TenTinh": "Tỉnh Đồng Tháp", "Ten": "Xã Long Khánh", "STT": 2997 }, "geometry": { "type": "Point", "coordinates": [ 105.329142542000056, 10.805382248000058 ] } },
{ "type": "Feature", "properties": { "OBJECTID": 403, "Cap": "Xã", "TenTinh": "Tỉnh Đồng Tháp", "Ten": "Xã Long Phú Thuận", "STT": 2840 }, "geometry": { "type": "Point", "coordinates": [ 105.296592628000042, 10.774346284000046 ] } },
{ "type": "Feature", "properties": { "OBJECTID": 404, "Cap": "Xã", "TenTinh": "Tỉnh Đồng Tháp", "Ten": "Xã An Hòa", "STT": 2843 }, "geometry": { "type": "Point", "coordinates": [ 105.36396337900004, 10.741039396000076 ] } },
{ "type": "Feature", "properties": { "OBJECTID": 405, "Cap": "Xã", "TenTinh": "Tỉnh Đồng Tháp", "Ten": "Xã Tam Nông", "STT": 2842 }, "geometry": { "type": "Point", "coordinates": [ 105.50400370400007, 10.766776537000055 ] } },
{ "type": "Feature", "properties": { "OBJECTID": 406, "Cap": "Xã", "TenTinh": "Tỉnh Đồng Tháp", "Ten": "Xã An Long", "STT": 2844 }, "geometry": { "type": "Point", "coordinates": [ 105.387429596000061, 10.678967468000053 ] } },
{ "type": "Feature", "properties": { "OBJECTID": 407, "Cap": "Xã", "TenTinh": "Tỉnh Đồng Tháp", "Ten": "Xã Phú Thọ", "STT": 2846 }, "geometry": { "type": "Point", "coordinates": [ 105.49264908300006, 10.68199536700007 ] } },
{ "type": "Feature", "properties": { "OBJECTID": 408, "Cap": "Xã", "TenTinh": "Tỉnh Đồng Tháp", "Ten": "Xã Tràm Chim", "STT": 2841 }, "geometry": { "type": "Point", "coordinates": [ 105.554721011000083, 10.669883771000059 ] } },
{ "type": "Feature", "properties": { "OBJECTID": 409, "Cap": "Xã", "TenTinh": "Tỉnh Đồng Tháp", "Ten": "Xã Phú Cường", "STT": 2845 }, "geometry": { "type": "Point", "coordinates": [ 105.607709242000055, 10.669883771000059 ] } },
{ "type": "Feature", "properties": { "OBJECTID": 410, "Cap": "Xã", "TenTinh": "Tỉnh Đồng Tháp", "Ten": "Xã Tân Long", "STT": 2978 }, "geometry": { "type": "Point", "coordinates": [ 105.399541191000083, 10.614700314000061 ] } },
{ "type": "Feature", "properties": { "OBJECTID": 411, "Cap": "Xã", "TenTinh": "Tỉnh Đồng Tháp", "Ten": "Xã Tân Thạnh", "STT": 2977 }, "geometry": { "type": "Point", "coordinates": [ 105.450258498000039, 10.573066704000041 ] } },
{ "type": "Feature", "properties": { "OBJECTID": 412, "Cap": "Xã", "TenTinh": "Tỉnh Đồng Tháp", "Ten": "Xã Thanh Bình", "STT": 2976 }, "geometry": { "type": "Point", "coordinates": [ 105.484322361000068, 10.562469057000044 ] } },
{ "type": "Feature", "properties": { "OBJECTID": 413, "Cap": "Xã", "TenTinh": "Tỉnh Đồng Tháp", "Ten": "Xã Bình Thành", "STT": 1850 }, "geometry": { "type": "Point", "coordinates": [ 105.574856539000052, 10.61015846500004 ] } },
{ "type": "Feature", "properties": { "OBJECTID": 414, "Cap": "Xã", "TenTinh": "Tỉnh Đồng Tháp", "Ten": "Xã Phong Mỹ", "STT": 3003 }, "geometry": { "type": "Point", "coordinates": [ 105.574856539000052, 10.535217967000051 ] } },
{ "type": "Feature", "properties": { "OBJECTID": 415, "Cap": "Xã", "TenTinh": "Tỉnh Đồng Tháp", "Ten": "Xã Phương Thịnh", "STT": 2990 }, "geometry": { "type": "Point", "coordinates": [ 105.661151658000051, 10.604102667000063 ] } },
{ "type": "Feature", "properties": { "OBJECTID": 416, "Cap": "Xã", "TenTinh": "Tỉnh Đồng Tháp", "Ten": "Xã Trường Xuân", "STT": 2847 }, "geometry": { "type": "Point", "coordinates": [ 105.788323412000068, 10.650278126000046 ] } },
{ "type": "Feature", "properties": { "OBJECTID": 417, "Cap": "Xã", "TenTinh": "Tỉnh Đồng Tháp", "Ten": "Xã Đốc Binh Kiều", "STT": 2999 }, "geometry": { "type": "Point", "coordinates": [ 105.864020885000059, 10.576094602000069 ] } },
{ "type": "Feature", "properties": { "OBJECTID": 418, "Cap": "Xã", "TenTinh": "Tỉnh Đồng Tháp", "Ten": "Xã Ba Sao", "STT": 3002 }, "geometry": { "type": "Point", "coordinates": [ 105.652824936000059, 10.529162169000074 ] } },
{ "type": "Feature", "properties": { "OBJECTID": 419, "Cap": "Xã", "TenTinh": "Tỉnh Đồng Tháp", "Ten": "Xã Tháp Mười", "STT": 2709 }, "geometry": { "type": "Point", "coordinates": [ 105.869319708000035, 10.521516725000026 ] } },
{ "type": "Feature", "properties": { "OBJECTID": 420, "Cap": "Xã", "TenTinh": "Tỉnh Đồng Tháp", "Ten": "Xã Mỹ Quí", "STT": 2998 }, "geometry": { "type": "Point", "coordinates": [ 105.799678033000077, 10.485938912000051 ] } },
{ "type": "Feature", "properties": { "OBJECTID": 421, "Cap": "Phường", "TenTinh": "Tỉnh Đồng Tháp", "Ten": "Phường Mỹ Ngãi", "STT": 2806 }, "geometry": { "type": "Point", "coordinates": [ 105.618004098000085, 10.480640089000076 ] } },
{ "type": "Feature", "properties": { "OBJECTID": 422, "Cap": "Phường", "TenTinh": "Tỉnh Đồng Tháp", "Ten": "Phường Cao Lãnh", "STT": 2807 }, "geometry": { "type": "Point", "coordinates": [ 105.627844770000081, 10.460958746000074 ] } },
{ "type": "Feature", "properties": { "OBJECTID": 423, "Cap": "Phường", "TenTinh": "Tỉnh Đồng Tháp", "Ten": "Phường Mỹ Trà", "STT": 2808 }, "geometry": { "type": "Point", "coordinates": [ 105.658123759000034, 10.457930847000057 ] } },
{ "type": "Feature", "properties": { "OBJECTID": 424, "Cap": "Xã", "TenTinh": "Tỉnh Đồng Tháp", "Ten": "Xã Mỹ Thọ", "STT": 3004 }, "geometry": { "type": "Point", "coordinates": [ 105.69521552100008, 10.44354832700003 ] } },
{ "type": "Feature", "properties": { "OBJECTID": 425, "Cap": "Xã", "TenTinh": "Tỉnh Đồng Tháp", "Ten": "Xã Mỹ An Hưng", "STT": 1847 }, "geometry": { "type": "Point", "coordinates": [ 105.643741239000065, 10.406456566000031 ] } },
{ "type": "Feature", "properties": { "OBJECTID": 426, "Cap": "Xã", "TenTinh": "Tỉnh Đồng Tháp", "Ten": "Xã Tân Khánh Trung", "STT": 1848 }, "geometry": { "type": "Point", "coordinates": [ 105.704299217000084, 10.383747324000069 ] } },
{ "type": "Feature", "properties": { "OBJECTID": 427, "Cap": "Xã", "TenTinh": "Tỉnh Đồng Tháp", "Ten": "Xã Bình Hàng Trung", "STT": 2975 }, "geometry": { "type": "Point", "coordinates": [ 105.745932828000036, 10.384504298000024 ] } },
{ "type": "Feature", "properties": { "OBJECTID": 428, "Cap": "Xã", "TenTinh": "Tỉnh Đồng Tháp", "Ten": "Xã Lai Vung", "STT": 422 }, "geometry": { "type": "Point", "coordinates": [ 105.589996033000034, 10.295938255000067 ] } },
{ "type": "Feature", "properties": { "OBJECTID": 429, "Cap": "Xã", "TenTinh": "Tỉnh Đồng Tháp", "Ten": "Xã Hòa Long", "STT": 421 }, "geometry": { "type": "Point", "coordinates": [ 105.658123759000034, 10.29291035600005 ] } },
{ "type": "Feature", "properties": { "OBJECTID": 430, "Cap": "Xã", "TenTinh": "Tỉnh Đồng Tháp", "Ten": "Xã Tân Dương", "STT": 1851 }, "geometry": { "type": "Point", "coordinates": [ 105.714896864000082, 10.283826659000056 ] } },
{ "type": "Feature", "properties": { "OBJECTID": 431, "Cap": "Phường", "TenTinh": "Tỉnh Đồng Tháp", "Ten": "Phường Sa Đéc", "STT": 766 }, "geometry": { "type": "Point", "coordinates": [ 105.764100221000035, 10.299723129000029 ] } },
{ "type": "Feature", "properties": { "OBJECTID": 432, "Cap": "Xã", "TenTinh": "Tỉnh Đồng Tháp", "Ten": "Xã Mỹ Hiệp", "STT": 2974 }, "geometry": { "type": "Point", "coordinates": [ 105.783024589000036, 10.352711360000058 ] } },
{ "type": "Feature", "properties": { "OBJECTID": 433, "Cap": "Xã", "TenTinh": "Tỉnh Đồng Tháp", "Ten": "Xã Lấp Vò", "STT": 1849 }, "geometry": { "type": "Point", "coordinates": [ 105.59680880600007, 10.351197410000054 ] } },
{ "type": "Feature", "properties": { "OBJECTID": 434, "Cap": "Xã", "TenTinh": "Tỉnh Đồng Tháp", "Ten": "Xã Thanh Mỹ", "STT": 3000 }, "geometry": { "type": "Point", "coordinates": [ 105.893542900000057, 10.453388999000026 ] } },
{ "type": "Feature", "properties": { "OBJECTID": 435, "Cap": "Xã", "TenTinh": "Tỉnh Đồng Tháp", "Ten": "Xã Hậu Mỹ", "STT": 1130 }, "geometry": { "type": "Point", "coordinates": [ 105.96999734700006, 10.502592356000036 ] } },
{ "type": "Feature", "properties": { "OBJECTID": 436, "Cap": "Xã", "TenTinh": "Tỉnh Đồng Tháp", "Ten": "Xã Mỹ Thiện", "STT": 659 }, "geometry": { "type": "Point", "coordinates": [ 105.904897521000066, 10.412512363000076 ] } },
{ "type": "Feature", "properties": { "OBJECTID": 437, "Cap": "Xã", "TenTinh": "Tỉnh Đồng Tháp", "Ten": "Xã Mỹ Lợi", "STT": 2835 }, "geometry": { "type": "Point", "coordinates": [ 105.915495167000074, 10.338328840000031 ] } },
{ "type": "Feature", "properties": { "OBJECTID": 438, "Cap": "Xã", "TenTinh": "Tỉnh Đồng Tháp", "Ten": "Xã Thanh Hưng", "STT": 2838 }, "geometry": { "type": "Point", "coordinates": [ 105.892785925000055, 10.326217244000077 ] } },
{ "type": "Feature", "properties": { "OBJECTID": 439, "Cap": "Xã", "TenTinh": "Tỉnh Đồng Tháp", "Ten": "Xã Mỹ Đức Tây", "STT": 2837 }, "geometry": { "type": "Point", "coordinates": [ 105.951829954000061, 10.357253208000031 ] } },
{ "type": "Feature", "properties": { "OBJECTID": 440, "Cap": "Xã", "TenTinh": "Tỉnh Đồng Tháp", "Ten": "Xã An Hữu", "STT": 2839 }, "geometry": { "type": "Point", "coordinates": [ 105.89051500100004, 10.311077750000038 ] } },
{ "type": "Feature", "properties": { "OBJECTID": 441, "Cap": "Xã", "TenTinh": "Tỉnh Đồng Tháp", "Ten": "Xã Tân Phú Trung", "STT": 2383 }, "geometry": { "type": "Point", "coordinates": [ 105.766371145000051, 10.261117418000026 ] } },
{ "type": "Feature", "properties": { "OBJECTID": 442, "Cap": "Xã", "TenTinh": "Tỉnh Đồng Tháp", "Ten": "Xã Phú Hựu", "STT": 2384 }, "geometry": { "type": "Point", "coordinates": [ 105.873104582000053, 10.264145317000043 ] } },
{ "type": "Feature", "properties": { "OBJECTID": 443, "Cap": "Xã", "TenTinh": "Tỉnh Đồng Tháp", "Ten": "Xã Tân Nhuận Đông", "STT": 2382 }, "geometry": { "type": "Point", "coordinates": [ 105.855694163000067, 10.214033589000053 ] } },
{ "type": "Feature", "properties": { "OBJECTID": 444, "Cap": "Xã", "TenTinh": "Tỉnh Đồng Tháp", "Ten": "Xã Phong Hòa", "STT": 1734 }, "geometry": { "type": "Point", "coordinates": [ 105.670992329000057, 10.187539474000062 ] } },
{ "type": "Feature", "properties": { "OBJECTID": 445, "Cap": "Xã", "TenTinh": "Tỉnh Đồng Tháp", "Ten": "Xã Hội Cư", "STT": 273 }, "geometry": { "type": "Point", "coordinates": [ 106.010419798000044, 10.395101945000022 ] } },
{ "type": "Feature", "properties": { "OBJECTID": 446, "Cap": "Xã", "TenTinh": "Tỉnh Đồng Tháp", "Ten": "Xã Cái Bè", "STT": 2836 }, "geometry": { "type": "Point", "coordinates": [ 106.033886015000064, 10.341356739000048 ] } },
{ "type": "Feature", "properties": { "OBJECTID": 447, "Cap": "Xã", "TenTinh": "Tỉnh Đồng Tháp", "Ten": "Xã Hiệp Đức", "STT": 1396 }, "geometry": { "type": "Point", "coordinates": [ 106.091416094000067, 10.323946320000061 ] } },
{ "type": "Feature", "properties": { "OBJECTID": 448, "Cap": "Xã", "TenTinh": "Tỉnh Đồng Tháp", "Ten": "Xã Ngũ Hiệp", "STT": 2556 }, "geometry": { "type": "Point", "coordinates": [ 106.117153235000046, 10.299723129000029 ] } },
{ "type": "Feature", "properties": { "OBJECTID": 449, "Cap": "Xã", "TenTinh": "Tỉnh Đồng Tháp", "Ten": "Xã Long Tiên", "STT": 1395 }, "geometry": { "type": "Point", "coordinates": [ 106.141376426000079, 10.351197410000054 ] } },
{ "type": "Feature", "properties": { "OBJECTID": 450, "Cap": "Xã", "TenTinh": "Tỉnh Đồng Tháp", "Ten": "Xã Bình Phú", "STT": 2733 }, "geometry": { "type": "Point", "coordinates": [ 106.083846347000076, 10.415540262000036 ] } },
{ "type": "Feature", "properties": { "OBJECTID": 451, "Cap": "Xã", "TenTinh": "Tỉnh Đồng Tháp", "Ten": "Xã Mỹ Thành", "STT": 2700 }, "geometry": { "type": "Point", "coordinates": [ 106.051296433000061, 10.445819252000035 ] } },
{ "type": "Feature", "properties": { "OBJECTID": 452, "Cap": "Xã", "TenTinh": "Tỉnh Đồng Tháp", "Ten": "Xã Thạnh Phú", "STT": 2730 }, "geometry": { "type": "Point", "coordinates": [ 106.067192903000034, 10.503349331000038 ] } },
{ "type": "Feature", "properties": { "OBJECTID": 453, "Cap": "Xã", "TenTinh": "Tỉnh Đồng Tháp", "Ten": "Xã Tân Phước 2", "STT": 1129 }, "geometry": { "type": "Point", "coordinates": [ 106.150460123000073, 10.551795714000036 ] } },
{ "type": "Feature", "properties": { "OBJECTID": 454, "Cap": "Phường", "TenTinh": "Tỉnh Đồng Tháp", "Ten": "Phường Thanh Hòa", "STT": 2729 }, "geometry": { "type": "Point", "coordinates": [ 106.109583488000055, 10.404942616000028 ] } },
{ "type": "Feature", "properties": { "OBJECTID": 455, "Cap": "Phường", "TenTinh": "Tỉnh Đồng Tháp", "Ten": "Phường Nhị Quý", "STT": 2734 }, "geometry": { "type": "Point", "coordinates": [ 106.185280961000046, 10.393587995000075 ] } },
{ "type": "Feature", "properties": { "OBJECTID": 456, "Cap": "Xã", "TenTinh": "Tỉnh Đồng Tháp", "Ten": "Xã Tân Phú", "STT": 2602 }, "geometry": { "type": "Point", "coordinates": [ 106.188308859000074, 10.43597858000004 ] } },
{ "type": "Feature", "properties": { "OBJECTID": 457, "Cap": "Xã", "TenTinh": "Tỉnh Đồng Tháp", "Ten": "Xã Tân Phước 1", "STT": 1109 }, "geometry": { "type": "Point", "coordinates": [ 106.194364657000051, 10.47382731700003 ] } },
{ "type": "Feature", "properties": { "OBJECTID": 458, "Cap": "Phường", "TenTinh": "Tỉnh Đồng Tháp", "Ten": "Phường Mỹ Phước Tây", "STT": 2732 }, "geometry": { "type": "Point", "coordinates": [ 106.119984143000067, 10.40991740100003 ] } },
{ "type": "Feature", "properties": { "OBJECTID": 459, "Cap": "Phường", "TenTinh": "Tỉnh Đồng Tháp", "Ten": "Phường Cai Lậy", "STT": 2731 }, "geometry": { "type": "Point", "coordinates": [ 106.136177205000081, 10.407172814000035 ] } },
{ "type": "Feature", "properties": { "OBJECTID": 460, "Cap": "Xã", "TenTinh": "Tỉnh Đồng Tháp", "Ten": "Xã Bình Trưng", "STT": 2928 }, "geometry": { "type": "Point", "coordinates": [ 106.220093449000046, 10.377572135000037 ] } },
{ "type": "Feature", "properties": { "OBJECTID": 461, "Cap": "Xã", "TenTinh": "Tỉnh Đồng Tháp", "Ten": "Xã Long Định", "STT": 2925 }, "geometry": { "type": "Point", "coordinates": [ 106.244839844000069, 10.390897117000065 ] } },
{ "type": "Feature", "properties": { "OBJECTID": 462, "Cap": "Xã", "TenTinh": "Tỉnh Đồng Tháp", "Ten": "Xã Long Hưng", "STT": 2927 }, "geometry": { "type": "Point", "coordinates": [ 106.307181722000053, 10.422781895000071 ] } },
{ "type": "Feature", "properties": { "OBJECTID": 463, "Cap": "Xã", "TenTinh": "Tỉnh Đồng Tháp", "Ten": "Xã Tân Phước 3", "STT": 1122 }, "geometry": { "type": "Point", "coordinates": [ 106.27148980700008, 10.464660408000043 ] } },
{ "type": "Feature", "properties": { "OBJECTID": 464, "Cap": "Xã", "TenTinh": "Tỉnh Đồng Tháp", "Ten": "Xã Hưng Thạnh", "STT": 1121 }, "geometry": { "type": "Point", "coordinates": [ 106.332879901000069, 10.540327268000055 ] } },
{ "type": "Feature", "properties": { "OBJECTID": 465, "Cap": "Xã", "TenTinh": "Tỉnh Đồng Tháp", "Ten": "Xã Tân Hương", "STT": 2735 }, "geometry": { "type": "Point", "coordinates": [ 106.369999492000034, 10.484171988000071 ] } },
{ "type": "Feature", "properties": { "OBJECTID": 466, "Cap": "Xã", "TenTinh": "Tỉnh Đồng Tháp", "Ten": "Xã Châu Thành", "STT": 2926 }, "geometry": { "type": "Point", "coordinates": [ 106.343825421000076, 10.447528289000047 ] } },
{ "type": "Feature", "properties": { "OBJECTID": 467, "Cap": "Xã", "TenTinh": "Tỉnh Đồng Tháp", "Ten": "Xã Mỹ Tịnh An", "STT": 1575 }, "geometry": { "type": "Point", "coordinates": [ 106.399028917000066, 10.456094349000068 ] } },
{ "type": "Feature", "properties": { "OBJECTID": 468, "Cap": "Xã", "TenTinh": "Tỉnh Đồng Tháp", "Ten": "Xã Lương Hòa Lạc", "STT": 1576 }, "geometry": { "type": "Point", "coordinates": [ 106.412353898000049, 10.41421583500005 ] } },
{ "type": "Feature", "properties": { "OBJECTID": 469, "Cap": "Phường", "TenTinh": "Tỉnh Đồng Tháp", "Ten": "Phường Trung An", "STT": 2688 }, "geometry": { "type": "Point", "coordinates": [ 106.327169194000078, 10.366150723000032 ] } },
{ "type": "Feature", "properties": { "OBJECTID": 470, "Cap": "Phường", "TenTinh": "Tỉnh Đồng Tháp", "Ten": "Phường Đạo Thạnh", "STT": 2968 }, "geometry": { "type": "Point", "coordinates": [ 106.35524683400007, 10.368054291000021 ] } },
{ "type": "Feature", "properties": { "OBJECTID": 471, "Cap": "Phường", "TenTinh": "Tỉnh Đồng Tháp", "Ten": "Phường Thới Sơn", "STT": 2970 }, "geometry": { "type": "Point", "coordinates": [ 106.352391481000041, 10.351398064000023 ] } },
{ "type": "Feature", "properties": { "OBJECTID": 472, "Cap": "Xã", "TenTinh": "Tỉnh Đồng Tháp", "Ten": "Xã Kim Sơn", "STT": 2848 }, "geometry": { "type": "Point", "coordinates": [ 106.271013915000083, 10.335217730000068 ] } },
{ "type": "Feature", "properties": { "OBJECTID": 473, "Cap": "Phường", "TenTinh": "Tỉnh Đồng Tháp", "Ten": "Phường Mỹ Tho", "STT": 2969 }, "geometry": { "type": "Point", "coordinates": [ 106.366192355000067, 10.353301633000058 ] } },
{ "type": "Feature", "properties": { "OBJECTID": 474, "Cap": "Phường", "TenTinh": "Tỉnh Đồng Tháp", "Ten": "Phường Mỹ Phong", "STT": 2971 }, "geometry": { "type": "Point", "coordinates": [ 106.387131612000076, 10.359012340000049 ] } },
{ "type": "Feature", "properties": { "OBJECTID": 475, "Cap": "Xã", "TenTinh": "Tỉnh Đồng Tháp", "Ten": "Xã Chợ Gạo", "STT": 1578 }, "geometry": { "type": "Point", "coordinates": [ 106.457279328000084, 10.354967256000066 ] } },
{ "type": "Feature", "properties": { "OBJECTID": 476, "Cap": "Xã", "TenTinh": "Tỉnh Đồng Tháp", "Ten": "Xã Tân Thuận Bình", "STT": 1577 }, "geometry": { "type": "Point", "coordinates": [ 106.478218585000036, 10.370195806000027 ] } },
{ "type": "Feature", "properties": { "OBJECTID": 477, "Cap": "Xã", "TenTinh": "Tỉnh Đồng Tháp", "Ten": "Xã An Thạnh Thủy", "STT": 1579 }, "geometry": { "type": "Point", "coordinates": [ 106.491067674000078, 10.359726178000074 ] } },
{ "type": "Feature", "properties": { "OBJECTID": 478, "Cap": "Xã", "TenTinh": "Tỉnh Đồng Tháp", "Ten": "Xã Bình Ninh", "STT": 1911 }, "geometry": { "type": "Point", "coordinates": [ 106.505820333000088, 10.324510155000041 ] } },
{ "type": "Feature", "properties": { "OBJECTID": 479, "Cap": "Xã", "TenTinh": "Tỉnh Đồng Tháp", "Ten": "Xã Đồng Sơn", "STT": 1912 }, "geometry": { "type": "Point", "coordinates": [ 106.574824702000058, 10.387803818000066 ] } },
{ "type": "Feature", "properties": { "OBJECTID": 480, "Cap": "Xã", "TenTinh": "Tỉnh Đồng Tháp", "Ten": "Xã Vĩnh Bình", "STT": 1961 }, "geometry": { "type": "Point", "coordinates": [ 106.585294330000067, 10.344973520000053 ] } },
{ "type": "Feature", "properties": { "OBJECTID": 481, "Cap": "Xã", "TenTinh": "Tỉnh Đồng Tháp", "Ten": "Xã Vĩnh Hựu", "STT": 2599 }, "geometry": { "type": "Point", "coordinates": [ 106.594336282000086, 10.306426251000062 ] } },
{ "type": "Feature", "properties": { "OBJECTID": 482, "Cap": "Xã", "TenTinh": "Tỉnh Đồng Tháp", "Ten": "Xã Tân Thới", "STT": 2601 }, "geometry": { "type": "Point", "coordinates": [ 106.606233587000077, 10.279300396000053 ] } },
{ "type": "Feature", "properties": { "OBJECTID": 483, "Cap": "Xã", "TenTinh": "Tỉnh Đồng Tháp", "Ten": "Xã Long Bình", "STT": 2600 }, "geometry": { "type": "Point", "coordinates": [ 106.630408911000075, 10.299763761000065 ] } },
{ "type": "Feature", "properties": { "OBJECTID": 484, "Cap": "Xã", "TenTinh": "Tỉnh Đồng Tháp", "Ten": "Xã Tân Phú Đông", "STT": 2850 }, "geometry": { "type": "Point", "coordinates": [ 106.657058874000086, 10.268354875000057 ] } },
{ "type": "Feature", "properties": { "OBJECTID": 485, "Cap": "Xã", "TenTinh": "Tỉnh Đồng Tháp", "Ten": "Xã Tân Hòa", "STT": 2849 }, "geometry": { "type": "Point", "coordinates": [ 106.717497184000081, 10.319751233000034 ] } },
{ "type": "Feature", "properties": { "OBJECTID": 486, "Cap": "Xã", "TenTinh": "Tỉnh Đồng Tháp", "Ten": "Xã Gò Công Đông", "STT": 2603 }, "geometry": { "type": "Point", "coordinates": [ 106.77888727800007, 10.294528946000071 ] } },
{ "type": "Feature", "properties": { "OBJECTID": 487, "Cap": "Xã", "TenTinh": "Tỉnh Đồng Tháp", "Ten": "Xã Tân Điền", "STT": 1914 }, "geometry": { "type": "Point", "coordinates": [ 106.759851590000039, 10.358298501000036 ] } },
{ "type": "Feature", "properties": { "OBJECTID": 488, "Cap": "Xã", "TenTinh": "Tỉnh Đồng Tháp", "Ten": "Xã Gia Thuận", "STT": 112 }, "geometry": { "type": "Point", "coordinates": [ 106.769369434000055, 10.414453781000077 ] } },
{ "type": "Feature", "properties": { "OBJECTID": 489, "Cap": "Xã", "TenTinh": "Tỉnh Đồng Tháp", "Ten": "Xã Tân Đông", "STT": 115 }, "geometry": { "type": "Point", "coordinates": [ 106.719400753000059, 10.402080584000032 ] } },
{ "type": "Feature", "properties": { "OBJECTID": 490, "Cap": "Phường", "TenTinh": "Tỉnh Đồng Tháp", "Ten": "Phường Sơn Qui", "STT": 114 }, "geometry": { "type": "Point", "coordinates": [ 106.677522239000041, 10.399701123000057 ] } },
{ "type": "Feature", "properties": { "OBJECTID": 491, "Cap": "Phường", "TenTinh": "Tỉnh Đồng Tháp", "Ten": "Phường Long Thuận", "STT": 1980 }, "geometry": { "type": "Point", "coordinates": [ 106.679901700000073, 10.36638866900006 ] } },
{ "type": "Feature", "properties": { "OBJECTID": 492, "Cap": "Phường", "TenTinh": "Tỉnh Đồng Tháp", "Ten": "Phường Gò Công", "STT": 1981 }, "geometry": { "type": "Point", "coordinates": [ 106.671335640000052, 10.354967256000066 ] } },
{ "type": "Feature", "properties": { "OBJECTID": 493, "Cap": "Phường", "TenTinh": "Tỉnh Đồng Tháp", "Ten": "Phường Bình Xuân", "STT": 113 }, "geometry": { "type": "Point", "coordinates": [ 106.652299952000078, 10.377334189000067 ] } },
{ "type": "Feature", "properties": { "OBJECTID": 494, "Cap": "Xã", "TenTinh": "Tỉnh Đồng Tháp", "Ten": "Xã Phú Thành", "STT": 1913 }, "geometry": { "type": "Point", "coordinates": [ 106.633682177000082, 10.377059600000052 ] } },
{ "type": "Feature", "properties": { "OBJECTID": 495, "Cap": "Xã", "TenTinh": "Tỉnh Đồng Tháp", "Ten": "Xã Vĩnh Kim", "STT": 2929 }, "geometry": { "type": "Point", "coordinates": [ 106.245453394000037, 10.357432958000061 ] } },
{ "type": "Feature", "properties": { "OBJECTID": 496, "Cap": "Xã", "TenTinh": "Tỉnh Tây Ninh", "Ten": "Xã Tân Đông", "STT": 2956 }, "geometry": { "type": "Point", "coordinates": [ 106.221017222000057, 11.66991020100005 ] } },
{ "type": "Feature", "properties": { "OBJECTID": 497, "Cap": "Xã", "TenTinh": "Tỉnh Tây Ninh", "Ten": "Xã Tân Hội", "STT": 2957 }, "geometry": { "type": "Point", "coordinates": [ 106.197665278000045, 11.629433498000026 ] } },
{ "type": "Feature", "properties": { "OBJECTID": 498, "Cap": "Xã", "TenTinh": "Tỉnh Tây Ninh", "Ten": "Xã Tân Thành", "STT": 2115 }, "geometry": { "type": "Point", "coordinates": [ 106.251374750000082, 11.554707276000045 ] } },
{ "type": "Feature", "properties": { "OBJECTID": 499, "Cap": "Xã", "TenTinh": "Tỉnh Tây Ninh", "Ten": "Xã Tân Hòa", "STT": 2958 }, "geometry": { "type": "Point", "coordinates": [ 106.33154975900004, 11.59751917400007 ] } },
{ "type": "Feature", "properties": { "OBJECTID": 500, "Cap": "Xã", "TenTinh": "Tỉnh Tây Ninh", "Ten": "Xã Tân Châu", "STT": 2114 }, "geometry": { "type": "Point", "coordinates": [ 106.162637361000066, 11.553150479000067 ] } },
{ "type": "Feature", "properties": { "OBJECTID": 501, "Cap": "Xã", "TenTinh": "Tỉnh Tây Ninh", "Ten": "Xã Tân Lập", "STT": 1178 }, "geometry": { "type": "Point", "coordinates": [ 105.990611371000057, 11.613087137000036 ] } },
{ "type": "Feature", "properties": { "OBJECTID": 502, "Cap": "Xã", "TenTinh": "Tỉnh Tây Ninh", "Ten": "Xã Thạnh Bình", "STT": 2257 }, "geometry": { "type": "Point", "coordinates": [ 106.069229584000084, 11.546144896000044 ] } },
{ "type": "Feature", "properties": { "OBJECTID": 503, "Cap": "Xã", "TenTinh": "Tỉnh Tây Ninh", "Ten": "Xã Tân Biên", "STT": 2797 }, "geometry": { "type": "Point", "coordinates": [ 106.008514528000035, 11.541474507000032 ] } },
{ "type": "Feature", "properties": { "OBJECTID": 504, "Cap": "Xã", "TenTinh": "Tỉnh Tây Ninh", "Ten": "Xã Tân Phú", "STT": 2104 }, "geometry": { "type": "Point", "coordinates": [ 106.171199741000066, 11.469861878000074 ] } },
{ "type": "Feature", "properties": { "OBJECTID": 505, "Cap": "Xã", "TenTinh": "Tỉnh Tây Ninh", "Ten": "Xã Trà Vong", "STT": 2955 }, "geometry": { "type": "Point", "coordinates": [ 106.02875288000007, 11.451180322000027 ] } },
{ "type": "Feature", "properties": { "OBJECTID": 506, "Cap": "Xã", "TenTinh": "Tỉnh Tây Ninh", "Ten": "Xã Phước Vinh", "STT": 2873 }, "geometry": { "type": "Point", "coordinates": [ 105.946242676000054, 11.395291335000024 ] } },
{ "type": "Feature", "properties": { "OBJECTID": 507, "Cap": "Xã", "TenTinh": "Tỉnh Tây Ninh", "Ten": "Xã Hảo Đước", "STT": 2872 }, "geometry": { "type": "Point", "coordinates": [ 105.993724963000034, 11.357928224000034 ] } },
{ "type": "Feature", "properties": { "OBJECTID": 508, "Cap": "Xã", "TenTinh": "Tỉnh Tây Ninh", "Ten": "Xã Hòa Hội", "STT": 787 }, "geometry": { "type": "Point", "coordinates": [ 105.930674714000077, 11.319008317000055 ] } },
{ "type": "Feature", "properties": { "OBJECTID": 509, "Cap": "Xã", "TenTinh": "Tỉnh Tây Ninh", "Ten": "Xã Ninh Điền", "STT": 789 }, "geometry": { "type": "Point", "coordinates": [ 105.978157, 11.271526030000075 ] } },
{ "type": "Feature", "properties": { "OBJECTID": 510, "Cap": "Xã", "TenTinh": "Tỉnh Tây Ninh", "Ten": "Xã Châu Thành", "STT": 2874 }, "geometry": { "type": "Point", "coordinates": [ 106.030309676000059, 11.312002734000032 ] } },
{ "type": "Feature", "properties": { "OBJECTID": 511, "Cap": "Phường", "TenTinh": "Tỉnh Tây Ninh", "Ten": "Phường Bình Minh", "STT": 2798 }, "geometry": { "type": "Point", "coordinates": [ 106.119047065000075, 11.339246669000033 ] } },
{ "type": "Feature", "properties": { "OBJECTID": 512, "Cap": "Xã", "TenTinh": "Tỉnh Tây Ninh", "Ten": "Xã Dương Minh Châu", "STT": 2116 }, "geometry": { "type": "Point", "coordinates": [ 106.233471592000058, 11.38672895600007 ] } },
{ "type": "Feature", "properties": { "OBJECTID": 513, "Cap": "Phường", "TenTinh": "Tỉnh Tây Ninh", "Ten": "Phường Ninh Thạnh", "STT": 2799 }, "geometry": { "type": "Point", "coordinates": [ 106.148626194000087, 11.308110743000043 ] } },
{ "type": "Feature", "properties": { "OBJECTID": 514, "Cap": "Xã", "TenTinh": "Tỉnh Tây Ninh", "Ten": "Xã Cầu Khởi", "STT": 2117 }, "geometry": { "type": "Point", "coordinates": [ 106.225687611000069, 11.268412438000041 ] } },
{ "type": "Feature", "properties": { "OBJECTID": 515, "Cap": "Xã", "TenTinh": "Tỉnh Tây Ninh", "Ten": "Xã Lộc Ninh", "STT": 2959 }, "geometry": { "type": "Point", "coordinates": [ 106.291851453000049, 11.255179669000029 ] } },
{ "type": "Feature", "properties": { "OBJECTID": 516, "Cap": "Phường", "TenTinh": "Tỉnh Tây Ninh", "Ten": "Phường Tân Ninh", "STT": 2796 }, "geometry": { "type": "Point", "coordinates": [ 106.099587111000062, 11.319786715000021 ] } },
{ "type": "Feature", "properties": { "OBJECTID": 517, "Cap": "Phường", "TenTinh": "Tỉnh Tây Ninh", "Ten": "Phường Thanh Điền", "STT": 788 }, "geometry": { "type": "Point", "coordinates": [ 106.112819880000075, 11.290207586000065 ] } },
{ "type": "Feature", "properties": { "OBJECTID": 518, "Cap": "Phường", "TenTinh": "Tỉnh Tây Ninh", "Ten": "Phường Hòa Thành", "STT": 791 }, "geometry": { "type": "Point", "coordinates": [ 106.132279833000041, 11.262963651000064 ] } },
{ "type": "Feature", "properties": { "OBJECTID": 519, "Cap": "Phường", "TenTinh": "Tỉnh Tây Ninh", "Ten": "Phường Long Hoa", "STT": 790 }, "geometry": { "type": "Point", "coordinates": [ 106.130723037000052, 11.286315595000076 ] } },
{ "type": "Feature", "properties": { "OBJECTID": 520, "Cap": "Xã", "TenTinh": "Tỉnh Tây Ninh", "Ten": "Xã Long Chữ", "STT": 2188 }, "geometry": { "type": "Point", "coordinates": [ 106.109706287000051, 11.185902234000025 ] } },
{ "type": "Feature", "properties": { "OBJECTID": 521, "Cap": "Xã", "TenTinh": "Tỉnh Tây Ninh", "Ten": "Xã Thạnh Đức", "STT": 2289 }, "geometry": { "type": "Point", "coordinates": [ 106.200778870000079, 11.174226262000047 ] } },
{ "type": "Feature", "properties": { "OBJECTID": 522, "Cap": "Xã", "TenTinh": "Tỉnh Tây Ninh", "Ten": "Xã Truông Mít", "STT": 2960 }, "geometry": { "type": "Point", "coordinates": [ 106.276283490000083, 11.213146169000026 ] } },
{ "type": "Feature", "properties": { "OBJECTID": 523, "Cap": "Xã", "TenTinh": "Tỉnh Tây Ninh", "Ten": "Xã Hưng Thuận", "STT": 2191 }, "geometry": { "type": "Point", "coordinates": [ 106.398491999000044, 11.171501868000064 ] } },
{ "type": "Feature", "properties": { "OBJECTID": 524, "Cap": "Xã", "TenTinh": "Tỉnh Tây Ninh", "Ten": "Xã Phước Thạnh", "STT": 2290 }, "geometry": { "type": "Point", "coordinates": [ 106.251374750000082, 11.129468368000062 ] } },
{ "type": "Feature", "properties": { "OBJECTID": 525, "Cap": "Xã", "TenTinh": "Tỉnh Tây Ninh", "Ten": "Xã Long Thuận", "STT": 2190 }, "geometry": { "type": "Point", "coordinates": [ 106.129166241000064, 11.124797980000039 ] } },
{ "type": "Feature", "properties": { "OBJECTID": 526, "Cap": "Xã", "TenTinh": "Tỉnh Tây Ninh", "Ten": "Xã Bến Cầu", "STT": 2189 }, "geometry": { "type": "Point", "coordinates": [ 106.178983722000055, 11.111565211000027 ] } },
{ "type": "Feature", "properties": { "OBJECTID": 527, "Cap": "Phường", "TenTinh": "Tỉnh Tây Ninh", "Ten": "Phường Gò Dầu", "STT": 2193 }, "geometry": { "type": "Point", "coordinates": [ 106.264607518000048, 11.08977006300006 ] } },
{ "type": "Feature", "properties": { "OBJECTID": 528, "Cap": "Phường", "TenTinh": "Tỉnh Tây Ninh", "Ten": "Phường Gia Lộc", "STT": 2192 }, "geometry": { "type": "Point", "coordinates": [ 106.326100972000063, 11.117013998000061 ] } },
{ "type": "Feature", "properties": { "OBJECTID": 529, "Cap": "Phường", "TenTinh": "Tỉnh Tây Ninh", "Ten": "Phường Trảng Bàng", "STT": 1987 }, "geometry": { "type": "Point", "coordinates": [ 106.357236898000053, 11.032168600000034 ] } },
{ "type": "Feature", "properties": { "OBJECTID": 530, "Cap": "Phường", "TenTinh": "Tỉnh Tây Ninh", "Ten": "Phường An Tịnh", "STT": 1986 }, "geometry": { "type": "Point", "coordinates": [ 106.389929620000032, 11.023606221000023 ] } },
{ "type": "Feature", "properties": { "OBJECTID": 531, "Cap": "Xã", "TenTinh": "Tỉnh Tây Ninh", "Ten": "Xã Phước Chỉ", "STT": 2070 }, "geometry": { "type": "Point", "coordinates": [ 106.235028389000036, 11.011930248000056 ] } },
{ "type": "Feature", "properties": { "OBJECTID": 532, "Cap": "Xã", "TenTinh": "Tỉnh Tây Ninh", "Ten": "Xã An Ninh", "STT": 2825 }, "geometry": { "type": "Point", "coordinates": [ 106.339333740000086, 10.976279613000031 ] } },
{ "type": "Feature", "properties": { "OBJECTID": 533, "Cap": "Xã", "TenTinh": "Tỉnh Tây Ninh", "Ten": "Xã Mỹ Quý", "STT": 617 }, "geometry": { "type": "Point", "coordinates": [ 106.210119648000045, 10.928018928000029 ] } },
{ "type": "Feature", "properties": { "OBJECTID": 534, "Cap": "Xã", "TenTinh": "Tỉnh Tây Ninh", "Ten": "Xã Hiệp Hòa", "STT": 2827 }, "geometry": { "type": "Point", "coordinates": [ 106.335441750000086, 10.934246113000029 ] } },
{ "type": "Feature", "properties": { "OBJECTID": 535, "Cap": "Xã", "TenTinh": "Tỉnh Tây Ninh", "Ten": "Xã Đông Thành", "STT": 618 }, "geometry": { "type": "Point", "coordinates": [ 106.305862620000084, 10.89766140100005 ] } },
{ "type": "Feature", "properties": { "OBJECTID": 536, "Cap": "Xã", "TenTinh": "Tỉnh Tây Ninh", "Ten": "Xã Hậu Nghĩa", "STT": 2826 }, "geometry": { "type": "Point", "coordinates": [ 106.390708018000055, 10.899996595000061 ] } },
{ "type": "Feature", "properties": { "OBJECTID": 537, "Cap": "Xã", "TenTinh": "Tỉnh Tây Ninh", "Ten": "Xã Mỹ Hạnh", "STT": 2830 }, "geometry": { "type": "Point", "coordinates": [ 106.491121379000049, 10.864968678000025 ] } },
{ "type": "Feature", "properties": { "OBJECTID": 538, "Cap": "Xã", "TenTinh": "Tỉnh Tây Ninh", "Ten": "Xã Hòa Khánh", "STT": 2829 }, "geometry": { "type": "Point", "coordinates": [ 106.417951953000056, 10.843951928000024 ] } },
{ "type": "Feature", "properties": { "OBJECTID": 539, "Cap": "Xã", "TenTinh": "Tỉnh Tây Ninh", "Ten": "Xã Đức Lập", "STT": 2828 }, "geometry": { "type": "Point", "coordinates": [ 106.490903943000035, 10.881114750000052 ] } },
{ "type": "Feature", "properties": { "OBJECTID": 540, "Cap": "Xã", "TenTinh": "Tỉnh Tây Ninh", "Ten": "Xã Đức Hòa", "STT": 2831 }, "geometry": { "type": "Point", "coordinates": [ 106.455944307000038, 10.822071809000022 ] } },
{ "type": "Feature", "properties": { "OBJECTID": 541, "Cap": "Xã", "TenTinh": "Tỉnh Tây Ninh", "Ten": "Xã Đức Huệ", "STT": 619 }, "geometry": { "type": "Point", "coordinates": [ 106.36776833600004, 10.809641716000044 ] } },
{ "type": "Feature", "properties": { "OBJECTID": 542, "Cap": "Xã", "TenTinh": "Tỉnh Tây Ninh", "Ten": "Xã Hưng Điền", "STT": 2728 }, "geometry": { "type": "Point", "coordinates": [ 105.592092318000084, 10.904256545000067 ] } },
{ "type": "Feature", "properties": { "OBJECTID": 543, "Cap": "Xã", "TenTinh": "Tỉnh Tây Ninh", "Ten": "Xã Khánh Hưng", "STT": 2888 }, "geometry": { "type": "Point", "coordinates": [ 105.699168063000059, 10.947800681000047 ] } },
{ "type": "Feature", "properties": { "OBJECTID": 544, "Cap": "Xã", "TenTinh": "Tỉnh Tây Ninh", "Ten": "Xã Vĩnh Thạnh", "STT": 2885 }, "geometry": { "type": "Point", "coordinates": [ 105.625642718000051, 10.857143217000043 ] } },
{ "type": "Feature", "properties": { "OBJECTID": 545, "Cap": "Xã", "TenTinh": "Tỉnh Tây Ninh", "Ten": "Xã Tân Hưng", "STT": 2886 }, "geometry": { "type": "Point", "coordinates": [ 105.664903825000067, 10.834300391000056 ] } },
{ "type": "Feature", "properties": { "OBJECTID": 546, "Cap": "Xã", "TenTinh": "Tỉnh Tây Ninh", "Ten": "Xã Vĩnh Hưng", "STT": 2889 }, "geometry": { "type": "Point", "coordinates": [ 105.781259468000087, 10.885696749000033 ] } },
{ "type": "Feature", "properties": { "OBJECTID": 547, "Cap": "Xã", "TenTinh": "Tỉnh Tây Ninh", "Ten": "Xã Tuyên Bình", "STT": 2890 }, "geometry": { "type": "Point", "coordinates": [ 105.812668353000049, 10.870706145000042 ] } },
{ "type": "Feature", "properties": { "OBJECTID": 548, "Cap": "Xã", "TenTinh": "Tỉnh Tây Ninh", "Ten": "Xã Vĩnh Châu", "STT": 2887 }, "geometry": { "type": "Point", "coordinates": [ 105.792680881000081, 10.730079999000054 ] } },
{ "type": "Feature", "properties": { "OBJECTID": 549, "Cap": "Xã", "TenTinh": "Tỉnh Tây Ninh", "Ten": "Xã Bình Hiệp", "STT": 1522 }, "geometry": { "type": "Point", "coordinates": [ 105.928310158000045, 10.81716827200006 ] } },
{ "type": "Feature", "properties": { "OBJECTID": 550, "Cap": "Phường", "TenTinh": "Tỉnh Tây Ninh", "Ten": "Phường Kiến Tường", "STT": 691 }, "geometry": { "type": "Point", "coordinates": [ 105.936162379000052, 10.775765651000029 ] } },
{ "type": "Feature", "properties": { "OBJECTID": 551, "Cap": "Xã", "TenTinh": "Tỉnh Tây Ninh", "Ten": "Xã Tuyên Thạnh", "STT": 690 }, "geometry": { "type": "Point", "coordinates": [ 105.881196830000079, 10.745070604000034 ] } },
{ "type": "Feature", "properties": { "OBJECTID": 552, "Cap": "Xã", "TenTinh": "Tỉnh Tây Ninh", "Ten": "Xã Bình Hòa", "STT": 1584 }, "geometry": { "type": "Point", "coordinates": [ 106.017539946000056, 10.737932221000051 ] } },
{ "type": "Feature", "properties": { "OBJECTID": 553, "Cap": "Xã", "TenTinh": "Tỉnh Tây Ninh", "Ten": "Xã Mộc Hóa", "STT": 1588 }, "geometry": { "type": "Point", "coordinates": [ 106.053231861000086, 10.720800101000066 ] } },
{ "type": "Feature", "properties": { "OBJECTID": 554, "Cap": "Xã", "TenTinh": "Tỉnh Tây Ninh", "Ten": "Xã Hậu Thạnh", "STT": 1222 }, "geometry": { "type": "Point", "coordinates": [ 105.885479860000032, 10.636424414000032 ] } },
{ "type": "Feature", "properties": { "OBJECTID": 555, "Cap": "Xã", "TenTinh": "Tỉnh Tây Ninh", "Ten": "Xã Nhơn Hòa Lập", "STT": 1587 }, "geometry": { "type": "Point", "coordinates": [ 105.942586924000068, 10.627144516000044 ] } },
{ "type": "Feature", "properties": { "OBJECTID": 556, "Cap": "Xã", "TenTinh": "Tỉnh Tây Ninh", "Ten": "Xã Nhơn Ninh", "STT": 1903 }, "geometry": { "type": "Point", "coordinates": [ 105.940445409000063, 10.576461997000024 ] } },
{ "type": "Feature", "properties": { "OBJECTID": 557, "Cap": "Xã", "TenTinh": "Tỉnh Tây Ninh", "Ten": "Xã Tân Thạnh", "STT": 416 }, "geometry": { "type": "Point", "coordinates": [ 106.046093478000046, 10.610726235000072 ] } },
{ "type": "Feature", "properties": { "OBJECTID": 558, "Cap": "Xã", "TenTinh": "Tỉnh Tây Ninh", "Ten": "Xã Bình Thành", "STT": 620 }, "geometry": { "type": "Point", "coordinates": [ 106.170444110000062, 10.770626015000062 ] } },
{ "type": "Feature", "properties": { "OBJECTID": 559, "Cap": "Xã", "TenTinh": "Tỉnh Tây Ninh", "Ten": "Xã Thạnh Phước", "STT": 614 }, "geometry": { "type": "Point", "coordinates": [ 106.144745931000045, 10.687820772000066 ] } },
{ "type": "Feature", "properties": { "OBJECTID": 560, "Cap": "Xã", "TenTinh": "Tỉnh Tây Ninh", "Ten": "Xã Thạnh Hóa", "STT": 616 }, "geometry": { "type": "Point", "coordinates": [ 106.179724008000051, 10.654984210000066 ] } },
{ "type": "Feature", "properties": { "OBJECTID": 561, "Cap": "Xã", "TenTinh": "Tỉnh Tây Ninh", "Ten": "Xã Tân Tây", "STT": 615 }, "geometry": { "type": "Point", "coordinates": [ 106.25467702900005, 10.636424414000032 ] } },
{ "type": "Feature", "properties": { "OBJECTID": 562, "Cap": "Xã", "TenTinh": "Tỉnh Tây Ninh", "Ten": "Xã Tân Long", "STT": 1988 }, "geometry": { "type": "Point", "coordinates": [ 106.321777830000087, 10.713518951000026 ] } },
{ "type": "Feature", "properties": { "OBJECTID": 563, "Cap": "Xã", "TenTinh": "Tỉnh Tây Ninh", "Ten": "Xã Thạnh Lợi", "STT": 2832 }, "geometry": { "type": "Point", "coordinates": [ 106.403869235000059, 10.770626015000062 ] } },
{ "type": "Feature", "properties": { "OBJECTID": 564, "Cap": "Xã", "TenTinh": "Tỉnh Tây Ninh", "Ten": "Xã Lương Hòa", "STT": 2833 }, "geometry": { "type": "Point", "coordinates": [ 106.443130341000085, 10.720657334000066 ] } },
{ "type": "Feature", "properties": { "OBJECTID": 565, "Cap": "Xã", "TenTinh": "Tỉnh Tây Ninh", "Ten": "Xã Bình Đức", "STT": 1045 }, "geometry": { "type": "Point", "coordinates": [ 106.426712060000057, 10.657839563000039 ] } },
{ "type": "Feature", "properties": { "OBJECTID": 566, "Cap": "Xã", "TenTinh": "Tỉnh Tây Ninh", "Ten": "Xã Thủ Thừa", "STT": 464 }, "geometry": { "type": "Point", "coordinates": [ 106.403155396000045, 10.602874014000065 ] } },
{ "type": "Feature", "properties": { "OBJECTID": 567, "Cap": "Xã", "TenTinh": "Tỉnh Tây Ninh", "Ten": "Xã Mỹ Thạnh", "STT": 463 }, "geometry": { "type": "Point", "coordinates": [ 106.353900553000074, 10.617150780000031 ] } },
{ "type": "Feature", "properties": { "OBJECTID": 568, "Cap": "Xã", "TenTinh": "Tỉnh Tây Ninh", "Ten": "Xã Mỹ An", "STT": 465 }, "geometry": { "type": "Point", "coordinates": [ 106.353186715000049, 10.564326746000063 ] } },
{ "type": "Feature", "properties": { "OBJECTID": 569, "Cap": "Phường", "TenTinh": "Tỉnh Tây Ninh", "Ten": "Phường Khánh Hậu", "STT": 2727 }, "geometry": { "type": "Point", "coordinates": [ 106.377314450000085, 10.509432580000066 ] } },
{ "type": "Feature", "properties": { "OBJECTID": 570, "Cap": "Phường", "TenTinh": "Tỉnh Tây Ninh", "Ten": "Phường Long An", "STT": 1226 }, "geometry": { "type": "Point", "coordinates": [ 106.394446569000081, 10.530133891000048 ] } },
{ "type": "Feature", "properties": { "OBJECTID": 571, "Cap": "Xã", "TenTinh": "Tỉnh Tây Ninh", "Ten": "Xã Nhựt Tảo", "STT": 1990 }, "geometry": { "type": "Point", "coordinates": [ 106.465830399000083, 10.554404393000027 ] } },
{ "type": "Feature", "properties": { "OBJECTID": 572, "Cap": "Xã", "TenTinh": "Tỉnh Tây Ninh", "Ten": "Xã Tân Trụ", "STT": 820 }, "geometry": { "type": "Point", "coordinates": [ 106.494383931000073, 10.522281670000041 ] } },
{ "type": "Feature", "properties": { "OBJECTID": 573, "Cap": "Xã", "TenTinh": "Tỉnh Tây Ninh", "Ten": "Xã Vàm Cỏ", "STT": 821 }, "geometry": { "type": "Point", "coordinates": [ 106.541497259000039, 10.536558436000064 ] } },
{ "type": "Feature", "properties": { "OBJECTID": 574, "Cap": "Xã", "TenTinh": "Tỉnh Tây Ninh", "Ten": "Xã Long Cang", "STT": 2184 }, "geometry": { "type": "Point", "coordinates": [ 106.516512919000036, 10.587954793000051 ] } },
{ "type": "Feature", "properties": { "OBJECTID": 575, "Cap": "Xã", "TenTinh": "Tỉnh Tây Ninh", "Ten": "Xã Bến Lức", "STT": 1044 }, "geometry": { "type": "Point", "coordinates": [ 106.482248680000055, 10.643634181000039 ] } },
{ "type": "Feature", "properties": { "OBJECTID": 576, "Cap": "Xã", "TenTinh": "Tỉnh Tây Ninh", "Ten": "Xã Mỹ Yên", "STT": 1046 }, "geometry": { "type": "Point", "coordinates": [ 106.542924936000077, 10.663621653000064 ] } },
{ "type": "Feature", "properties": { "OBJECTID": 577, "Cap": "Xã", "TenTinh": "Tỉnh Tây Ninh", "Ten": "Xã Phước Lý", "STT": 1510 }, "geometry": { "type": "Point", "coordinates": [ 106.606456545000071, 10.639351151000028 ] } },
{ "type": "Feature", "properties": { "OBJECTID": 578, "Cap": "Xã", "TenTinh": "Tỉnh Tây Ninh", "Ten": "Xã Rạch Kiến", "STT": 822 }, "geometry": { "type": "Point", "coordinates": [ 106.564340085000083, 10.607942266000066 ] } },
{ "type": "Feature", "properties": { "OBJECTID": 579, "Cap": "Xã", "TenTinh": "Tỉnh Tây Ninh", "Ten": "Xã Mỹ Lộc", "STT": 2393 }, "geometry": { "type": "Point", "coordinates": [ 106.63358240000008, 10.606514589000028 ] } },
{ "type": "Feature", "properties": { "OBJECTID": 580, "Cap": "Xã", "TenTinh": "Tỉnh Tây Ninh", "Ten": "Xã Cần Giuộc", "STT": 2392 }, "geometry": { "type": "Point", "coordinates": [ 106.665705124000056, 10.604373074000023 ] } },
{ "type": "Feature", "properties": { "OBJECTID": 581, "Cap": "Xã", "TenTinh": "Tỉnh Tây Ninh", "Ten": "Xã Tân Tập", "STT": 1049 }, "geometry": { "type": "Point", "coordinates": [ 106.701397039000085, 10.535130759000026 ] } },
{ "type": "Feature", "properties": { "OBJECTID": 582, "Cap": "Xã", "TenTinh": "Tỉnh Tây Ninh", "Ten": "Xã Phước Vĩnh Tây", "STT": 1048 }, "geometry": { "type": "Point", "coordinates": [ 106.654283711000062, 10.542269142000066 ] } },
{ "type": "Feature", "properties": { "OBJECTID": 583, "Cap": "Xã", "TenTinh": "Tỉnh Tây Ninh", "Ten": "Xã Long Hựu", "STT": 1509 }, "geometry": { "type": "Point", "coordinates": [ 106.69211714100004, 10.483734401000049 ] } },
{ "type": "Feature", "properties": { "OBJECTID": 584, "Cap": "Xã", "TenTinh": "Tỉnh Tây Ninh", "Ten": "Xã Tân Lân", "STT": 2187 }, "geometry": { "type": "Point", "coordinates": [ 106.612167251000074, 10.52513702300007 ] } },
{ "type": "Feature", "properties": { "OBJECTID": 585, "Cap": "Xã", "TenTinh": "Tỉnh Tây Ninh", "Ten": "Xã Mỹ Lệ", "STT": 2186 }, "geometry": { "type": "Point", "coordinates": [ 106.572192306000034, 10.565111968000053 ] } },
{ "type": "Feature", "properties": { "OBJECTID": 586, "Cap": "Xã", "TenTinh": "Tỉnh Tây Ninh", "Ten": "Xã Cần Đước", "STT": 1508 }, "geometry": { "type": "Point", "coordinates": [ 106.602173515000061, 10.500152682000021 ] } },
{ "type": "Feature", "properties": { "OBJECTID": 587, "Cap": "Xã", "TenTinh": "Tỉnh Tây Ninh", "Ten": "Xã Thuận Mỹ", "STT": 2966 }, "geometry": { "type": "Point", "coordinates": [ 106.56077089300004, 10.445187133000047 ] } },
{ "type": "Feature", "properties": { "OBJECTID": 588, "Cap": "Xã", "TenTinh": "Tỉnh Tây Ninh", "Ten": "Xã Vĩnh Công", "STT": 2965 }, "geometry": { "type": "Point", "coordinates": [ 106.439418382000042, 10.476596018000066 ] } },
{ "type": "Feature", "properties": { "OBJECTID": 589, "Cap": "Xã", "TenTinh": "Tỉnh Tây Ninh", "Ten": "Xã Tầm Vu", "STT": 2964 }, "geometry": { "type": "Point", "coordinates": [ 106.467258076000064, 10.44161794200005 ] } },
{ "type": "Feature", "properties": { "OBJECTID": 590, "Cap": "Phường", "TenTinh": "Tỉnh Tây Ninh", "Ten": "Phường Tân An", "STT": 1227 }, "geometry": { "type": "Point", "coordinates": [ 106.432874168000069, 10.52942033100004 ] } },
{ "type": "Feature", "properties": { "OBJECTID": 591, "Cap": "Xã", "TenTinh": "Tỉnh Tây Ninh", "Ten": "Xã An Lục Long", "STT": 2967 }, "geometry": { "type": "Point", "coordinates": [ 106.448012272000085, 10.415708533000043 ] } }
]
}
